id,name,seriesName,imageData,oldCargoTypes,newCargoTypes,evidence
cat-100,Laas,"Plats spciaux (L et S) — Utiliss pour le ""Touareg Express"" : transport de caisses de 10' vers Bratislawa, contenant des lments de carrosserie de VW Touareg.",img/catalog/A_P/StLB_Laas.gif,steel|steel-coils|steel-sheet|steel-beams|containers|wood|vehicles|sinter|pig-iron|scrap,automotive-parts,automotive-parts:description MLG: pièces automobiles
cat-393,Xds,Wagons — Trmies  ballast.,img/catalog/Suisse/BLS/W/BLS_Xds_R.gif,general,ballast,ballast:description MLG: ballast
cat-757,Ealos-t,A bogies — Wagons ex DB pour transport de bois. Toujours immatriculés en Allemagne.,img/catalog/CD/W/CD_Ealost_R.gif,general,timber,timber:description MLG: bois/grumes/troncs
cat-1278,Sps,Plats spciaux  bogies (S) — Pour transport de grumes. Avec nouveau logo CFF.,img/catalog/Suisse/CFF/W/CFF_Sps_E5.gif,steel|steel-coils|steel-sheet|steel-beams|containers|wood|vehicles|sinter|pig-iron|scrap,timber,timber:description MLG: bois/grumes/troncs
cat-1279,Shimmns,Plats spciaux  bogies (S) — Pour transport de coils. Livre vert ptrole.,img/catalog/Suisse/CFF/W/CFF_Shimmns_V_R.gif,steel|steel-coils|steel-sheet|steel-beams|containers|wood|vehicles|sinter|pig-iron|scrap,steel-coils,steel-coils:description MLG: coils/rouleaux de tôles
cat-1331,Shimmnss,"S : plats  bogies spciaux — Wagons bchs pour transport de coils. Livre brune, deuxime logo CFL Cargo.",img/catalog/CFLCargo/W/CFLC_Shimmnss_BL2_R.gif,steel|steel-coils|steel-sheet|steel-beams|containers|wood|vehicles|sinter|pig-iron|scrap,steel-coils,steel-coils:description MLG: coils/rouleaux de tôles
cat-1332,Shimmnss,"S : plats  bogies spciaux — Wagons bchs pour transport de coils. Livre brune, troisime logo CFL Cargo.",img/catalog/CFLCargo/W/CFLC_Shimmnss_BL3_R.gif,steel|steel-coils|steel-sheet|steel-beams|containers|wood|vehicles|sinter|pig-iron|scrap,steel-coils,steel-coils:description MLG: coils/rouleaux de tôles
cat-1333,Shimmns,S : plats  bogies spciaux — Wagons bchs pour transport de coils. Lous  ERR.,img/catalog/CFLCargo/W/CFLC_Shimmns_ERR.gif,steel|steel-coils|steel-sheet|steel-beams|containers|wood|vehicles|sinter|pig-iron|scrap,steel-coils,steel-coils:description MLG: coils/rouleaux de tôles
cat-1421,Shimmnss,S : plats spciaux  bogies — Wagons bchs pour transport de coils. Livre brune avec logo EuroLuxCargo.,img/catalog/CFL/W/CFL_Shimmnss_EuroLuxCargoB_R.gif,steel|steel-coils|steel-sheet|steel-beams|containers|wood|vehicles|sinter|pig-iron|scrap,steel-coils,steel-coils:description MLG: coils/rouleaux de tôles
cat-1422,Shimmnss,S : plats spciaux  bogies — Wagons bchs pour transport de coils. Livre grise avec logo EuroLuxCargo.,img/catalog/CFL/W/CFL_Shimmnss_EuroLuxCargoG_R.gif,steel|steel-coils|steel-sheet|steel-beams|containers|wood|vehicles|sinter|pig-iron|scrap,steel-coils,steel-coils:description MLG: coils/rouleaux de tôles
cat-1423,Slps,S : plats spciaux  bogies — Transport de 3 caisses type ACTS.,img/catalog/CFL/W/CFL_Slps1_L.gif,steel|steel-coils|steel-sheet|steel-beams|containers|wood|vehicles|sinter|pig-iron|scrap,acts-containers,acts-containers:description MLG: caisses ACTS
cat-1425,Tdgs,T : tombereaux couverts — Transport de crales.,img/catalog/CFL/W/CFL_Tdgs.gif,general|paper|wood|sugar|salt|fertilizer|cement|flour|grain,grain,grain:description/nom MLG: céréalier/grains
cat-1458,Facc,"Trmies pour transport de gravier — Type SWP (Schindler Waggon Pratteln) de 1962, avec rehausse. Premire livre Weiacher Kies.",img/catalog/Suisse/WP/WK_Facc_SWP62H_L1_R.gif,general,gravel,gravel:description/nom MLG: gravier
cat-1459,Faccs,Trmies pour transport de gravier — Mme type aprs rvision et changement de bogies (Y25 mouls en provenance de wagons CFF rforms). Livre Weiacher actuelle.,img/catalog/Suisse/WP/WK_Faccs_SWP62HRG_L2_R.gif,general,gravel,gravel:description/nom MLG: gravier
cat-1460,Faccs,"Trmies pour transport de gravier — Type JMR (Josef Meyer AG, Rheinfelden) avec rehausse. Premire livre Weiacher Kies.",img/catalog/Suisse/WP/WK_Faccs_JMR_L1_R.gif,general,gravel,gravel:description/nom MLG: gravier
cat-1461,Faccs,Trmies pour transport de gravier — Type JMR. Livre Weiacher actuelle.,img/catalog/Suisse/WP/WK_Faccs_JMR_L2_R.gif,general,gravel,gravel:description/nom MLG: gravier
cat-1462,Faccs,Trmies pour transport de gravier — Type JMR avec rehausse. Livre Holcim.,img/catalog/Suisse/WP/Holcim_Faccs_JMR_R.gif,general,gravel,gravel:description/nom MLG: gravier
cat-1463,Faccs,Trmies pour transport de gravier — Type JMR. Premire livre Makies AG.,img/catalog/Suisse/WP/Makies_Faccs_JMR_L1_R.gif,general,gravel,gravel:description/nom MLG: gravier
cat-1464,Faccs,Trmies pour transport de gravier — Avec ouverture hydraulique des trappes. Deuxime livre Makies AG.,img/catalog/Suisse/WP/Makies_Faccs_JMR_L2_R.gif,general,gravel,gravel:description/nom MLG: gravier
cat-1465,Falls,Trmies pour transport de gravier — Premier type. Premire livre Makies AG.,img/catalog/Suisse/WP/Makies_Falls_1S_L1_R.gif,general,gravel,gravel:description/nom MLG: gravier
cat-1466,Falls,Trmies pour transport de gravier — Avec ouverture hydraulique des trappes. Deuxime livre Makies AG.,img/catalog/Suisse/WP/Makies_Falls_1S_L2_R.gif,general,gravel,gravel:description/nom MLG: gravier
cat-1467,Falls,Trmies pour transport de gravier — Deuxime type. Premire livre Makies AG.,img/catalog/Suisse/WP/Makies_Falls_2S_L1_R.gif,general,gravel,gravel:description/nom MLG: gravier
cat-1468,Falls,Trmies pour transport de gravier — Avec ouverture hydraulique des trappes. Deuxime livre Makies AG.,img/catalog/Suisse/WP/Makies_Falls_2S_L2_R.gif,general,gravel,gravel:description/nom MLG: gravier
cat-1469,Falls,Trmies pour transport de gravier — Variante avec rehausse. Premire livre Makies AG.,img/catalog/Suisse/WP/Makies_Falls_2SH_L1_R.gif,general,gravel,gravel:description/nom MLG: gravier
cat-1470,Falls,Trmies pour transport de gravier — Avec ouverture hydraulique des trappes. Deuxime livre Makies AG.,img/catalog/Suisse/WP/Makies_Falls_2SH_L2_R.gif,general,gravel,gravel:description/nom MLG: gravier
cat-2149,Sgss 703,"Wagons porte containers — Bogies spciaux pour vitesses jusqu' 160 Km/h, pour services dans les trains InterCargoExpress. Transport combin, 60 pieds. Livre blanche avec deuxime logo Kombiwaggon.",img/catalog/DB/W/KOWAG_Sgss703.gif,containers|general|steel|wood,containers,containers:description MLG: conteneurs
cat-2150,Sggnos 715,Wagons porte containers — Wagon articul pour transport combin. Premier logo Kombiwaggon.,img/catalog/DB/W/KOWAG_Sggnos715_L1.gif,containers|general|steel|wood,containers,containers:description MLG: conteneurs
cat-2151,Sggnos 715,Wagons porte containers — Deuxime logo Kombiwaggon.,img/catalog/DB/W/KOWAG_Sggnos715_L2.gif,general,containers,containers:description MLG: conteneurs
cat-2152,Sdggnos 744,Wagons porte containers — Wagon articul avec une caisse pour transport combin et une caisse permettant en plus le transport de remorques routires. Deuxime logo Kombiwaggon.,img/catalog/DB/W/KOWAG_Sdggnos744_R.gif,containers|general|steel|wood,containers|semi-trailers,semi-trailers:description MLG: semi-remorques | containers:description MLG: conteneurs
cat-3232,U-x 150,Plats pour transport de ballast ou de dblais — Ex Kkklms 440.,img/catalog/DB/Service/DB_Ux150.gif,steel|steel-coils|steel-sheet|steel-beams|containers|wood|vehicles|sinter|pig-iron|scrap,ballast|excavated-material,ballast:description MLG: ballast | excavated-material:description MLG: déblais
cat-3233,U-x 151,"Plats pour transport de ballast ou de dblais — Ex Klm 506, version avec bords en bois.",img/catalog/DB/Service/DB_Ux151_HS.gif,steel|steel-coils|steel-sheet|steel-beams|containers|wood|vehicles|sinter|pig-iron|scrap,ballast|excavated-material,ballast:description MLG: ballast | excavated-material:description MLG: déblais
cat-3234,U-x 151,"Plats pour transport de ballast ou de dblais — Ex Klm 506, version avec bords en mtal.",img/catalog/DB/Service/DB_Ux151_MS.gif,steel|steel-coils|steel-sheet|steel-beams|containers|wood|vehicles|sinter|pig-iron|scrap,ballast|excavated-material,ballast:description MLG: ballast | excavated-material:description MLG: déblais
cat-3235,U-x 152,Plats pour transport de ballast ou de dblais — Ex Kbs/Kls 442/3. Premire srie de transformation.,img/catalog/DB/Service/DB_Ux152.gif,steel|steel-coils|steel-sheet|steel-beams|containers|wood|vehicles|sinter|pig-iron|scrap,ballast|excavated-material,ballast:description MLG: ballast | excavated-material:description MLG: déblais
cat-3236,U-x 153,"Plats pour transport de ballast ou de dblais — Ex Kbs/Kls 442/3. Deuxime srie de transformation, se reconnait  sa bande jaune place diffremment.",img/catalog/DB/Service/DB_Ux153.gif,steel|steel-coils|steel-sheet|steel-beams|containers|wood|vehicles|sinter|pig-iron|scrap,ballast|excavated-material,ballast:description MLG: ballast | excavated-material:description MLG: déblais
cat-4493,Ealos-t 058,Tombereaux  bogies ex DR — 500 Eas 066 transforms  la fin des annes '90 avec montage de dossiers hauts pour transport de bois. Logo DB AG.,img/catalog/DB/W/DB_Ealost058_K.gif,general,timber,timber:description MLG: bois/grumes/troncs
cat-4498,Ealos 053,Tombereaux  bogies ex DR — Wagons pour le transport de copeaux de bois obtenus  partir de 1996 par modification de wagons de l'ex-DR (Eas 070). Bogies Niesky d'origine.,img/catalog/DB/W/DB_Ealos053_K.gif,general,wood-chips,wood-chips:description MLG: copeaux de bois
cat-4524,OOtz 41,"Gnration ""OOt Saarbrucken"" — Version courte conue pour initialement pour le transport de charbon. Caisses hautes.",img/catalog/DB/W/DB_OOtz41_R.gif,general,coal,coal:description MLG: charbon/houille
cat-4525,OOtz 41,"Gnration ""OOt Saarbrucken"" — Avec inscriptions ErzIIId, pour une partie du parc renforce pour le transport de minerai de fer.",img/catalog/DB/W/DB_OOtz41_ErzIIId_R.gif,general,ore,ore:description MLG: minerai de fer/Erz
cat-4527,OOt 42,"Trmies  bogies  2 essieux, types d'avant-guerre — Version allonge de 2m pour transport de coke. Caisses hautes.",img/catalog/DB/W/DB_OOt42_R.gif,general,coke,coke:description MLG: coke
cat-4529,OOtz 43,"Trmies  bogies  2 essieux, types d'avant-guerre — Version courte conue ds l'origine pour le transport de minerai de fer, avec caisse moins haute. Inscriptions ErzIId.",img/catalog/DB/W/DB_OOtz43_ErzIId_R.gif,general,ore,ore:description MLG: minerai de fer/Erz
cat-4531,OOtz 44,"Trmies  bogies  2 essieux, types d'avant-guerre — Version courte conue pour le transport de minerai de fer, avec caisse encore moins haute. Inscriptions ErzId.",img/catalog/DB/W/DB_OOtz44_ErzId_R.gif,general,ore,ore:description MLG: minerai de fer/Erz
cat-4532,Fad 165,"Trmies  bogies  2 essieux, types d'avant-guerre — Ex OOtz 44, numros UIC et toujours les inscriptions ErzId.",img/catalog/DB/W/DB_Fad165_ErzId_R.gif,general,ore,ore:description MLG: minerai de fer/Erz
cat-4534,OOtz 50,"Premire gnration, premire srie — Avec inscriptions ErzIIId, pour une partie du parc renforce pour le transport de minerai de fer.",img/catalog/DB/W/DB_OOtz50_ErzIIId.gif,general,ore,ore:description MLG: minerai de fer/Erz
cat-4559,Falns-z 182,"Troisime gnration — Haut de caisse dcoup pour 30 exemplaires, pour transport de calcaire. Logo DB AG.",img/catalog/DB/W/DB_Falnsz182_K.gif,general,limestone,limestone:description MLG: calcaire
cat-4564,Falnqqs 130,"Troisime gnration — Wagons drivs des Falns 183, construits en 1995 pour le transport de lignite. Dchargement hydraulique, installation de chauffage. Livre DB Cargo.",img/catalog/DB/W/DB_Falnqqs130_DBC.gif,general,lignite,lignite:description MLG: lignite
cat-4682,"K(g)lps 562, 563",Plats standard UIC — Marquages UIC. Les Kglps 563 sont les versions reconverties pour le transport de caisses mobiles.,img/catalog/DB/W/DB_Kglps563_R.gif,steel|steel-coils|steel-sheet|steel-beams|containers|wood|vehicles|sinter|pig-iron|scrap,swap-bodies,swap-bodies:description MLG: caisses mobiles
cat-4703,Lbkkmms 578,"Wagons spcialiss pour le trafic de mini-containers ""Von haus Zu haus"" — Transport de 3 mini-containers ""Von haus Zu haus"".",img/catalog/DB/W/DB_Lbkkmms578.gif,general,mini-containers,mini-containers:description MLG: mini-conteneurs
cat-4704,Lbms 584,"Wagons spcialiss pour le trafic de mini-containers ""Von haus Zu haus"" — Transport de 4 mini-containers ""Von haus Zu haus"".",img/catalog/DB/W/DB_Lbms584.gif,general,mini-containers,mini-containers:description MLG: mini-conteneurs
cat-4705,Laabkkmms 588,"Wagons spcialiss pour le trafic de mini-containers ""Von haus Zu haus"" — Coupplage permanent de Lbkkmms 578.",img/catalog/DB/W/DB_Laabkkmms588.gif,general,mini-containers,mini-containers:description MLG: mini-conteneurs
cat-4706,Lbs 589,"Wagons spcialiss pour le trafic de mini-containers ""Von haus Zu haus"" — Transport de 5 mini-containers ""Von haus Zu haus"".",img/catalog/DB/W/DB_Lbs589_R.gif,general,mini-containers,mini-containers:description MLG: mini-conteneurs
cat-4707,Lbs 589,"Wagons spcialiss pour le trafic de mini-containers ""Von haus Zu haus"" — Logo DB AG.",img/catalog/DB/W/DB_Lbs589_K.gif,general,mini-containers,mini-containers:description MLG: mini-conteneurs
cat-4708,Lgs 575,Transport de containers standard — Avec traverses de choc coulissantes. Plus de 1000 exemplaires construits dans la premire moiti des annes '70. Livre d'origine.,img/catalog/DB/W/DB_Lgs575_L1.gif,general,containers,containers:description MLG: conteneurs
cat-4709,Lgs 575,"Transport de containers standard — Au dbut des annes '90, suppression des plaques, inscrriptions peintes directement sur le chassis.",img/catalog/DB/W/DB_Lgs575_L2.gif,general,containers,containers:description MLG: conteneurs
cat-4710,Lgs 575,Transport de containers standard — Logo DB AG.,img/catalog/DB/W/DB_Lgs575_K.gif,general,containers,containers:description MLG: conteneurs
cat-4711,Lgjns 576,Transport de containers standard — Avec amortisseurs de chocs. 5 exemplaires.,img/catalog/DB/W/DB_Lgjns576_R.gif,general,containers,containers:description MLG: conteneurs
cat-4712,Lgjns 576,Transport de containers standard — Logo DB AG.,img/catalog/DB/W/DB_Lgjns576_K.gif,general,containers,containers:description MLG: conteneurs
cat-4713,Lgjns 576,Transport de containers standard — Livre rouge trafic.,img/catalog/DB/W/DB_Lgjns576_VR.gif,general,containers,containers:description MLG: conteneurs
cat-4714,Lgs 579,"Transport de containers standard — Transformation d'anciens Lgs 575, avec suppression des traverses de choc coulissantes (rduisant la longueur de 1m20). Livre DB Cargo.",img/catalog/DB/W/DB_Lgs579_DBC.gif,general,containers,containers:description MLG: conteneurs
cat-4715,Lgs 579,Transport de containers standard — Livre rouge trafic sans logo.,img/catalog/DB/W/DB_Lgs579_VRSL.gif,general,containers,containers:description MLG: conteneurs
cat-4716,"Lgs 580, Lgns 581","Transport de containers standard — Transformation d'anciens couverts  parois coulissantes (Hbis 297, 299). Livre DB Cargo.",img/catalog/DB/W/DB_Lgs580_DBC.gif,general|paper|wood|sugar|salt|fertilizer|cement|flour|grain,containers,containers:description MLG: conteneurs
cat-4717,"Lgs 580, Lgns 581",Transport de containers standard — Livre rouge trafic sans logo.,img/catalog/DB/W/DB_Lgs580_VRSL.gif,general,containers,containers:description MLG: conteneurs
cat-4718,"Lgs 580, Lgns 581","Transport de containers standard — Livre rouge trafic, logo DB AG.",img/catalog/DB/W/DB_Lgs580_VR.gif,general,containers,containers:description MLG: conteneurs
cat-4736,Sskm 49,Sskm 49 / R(l)mmp 660 — Amnagement pour transport de coils. Anciens numros.,img/catalog/DB/W/DB_Sskm49_Coils.gif,general,steel-coils,steel-coils:description MLG: coils/rouleaux de tôles
cat-4808,Sahlmmps 706,Plats spciaux  bogies (S) — Version avec supports de coils. 82 constructions neuves du dbut des annes '90. Livre brune.,img/catalog/DB/W/DB_Sahlmmps706_B.gif,steel|steel-coils|steel-sheet|steel-beams|containers|wood|vehicles|sinter|pig-iron|scrap,steel-coils,steel-coils:description MLG: coils/rouleaux de tôles
cat-4810,Shimms 708,"Plats spciaux  bogies (S) — Transport de coils,  capots tlscopiques.",img/catalog/DB/W/DB_Shimms708_R.gif,steel|steel-coils|steel-sheet|steel-beams|containers|wood|vehicles|sinter|pig-iron|scrap,steel-coils,steel-coils:description MLG: coils/rouleaux de tôles
cat-4812,Shimmns 708.4,Plats spciaux  bogies (S) — Transport de coils. Anciens Shimmns 708  capots moderniss  partir de 2015. 1500 exemplaires. Livre DB Schenker.,img/catalog/DB/W/DB_Shimmns708_4_DBS.gif,steel|steel-coils|steel-sheet|steel-beams|containers|wood|vehicles|sinter|pig-iron|scrap,steel-coils,steel-coils:description MLG: coils/rouleaux de tôles
cat-4817,Sahmms 709,"Plats spciaux  bogies (S) — Transport de coils (repr par le ""h"" supplmentaire). Avec ranchers.",img/catalog/DB/W/DB_Sahmms709.gif,steel|steel-coils|steel-sheet|steel-beams|containers|wood|vehicles|sinter|pig-iron|scrap,steel-coils,steel-coils:description MLG: coils/rouleaux de tôles
cat-4823,Sahmms 710,"Plats spciaux  bogies (S) — Transport de coils (repr par le ""h"" supplmentaire).",img/catalog/DB/W/DB_Sahmms710_R.gif,steel|steel-coils|steel-sheet|steel-beams|containers|wood|vehicles|sinter|pig-iron|scrap,steel-coils,steel-coils:description MLG: coils/rouleaux de tôles
cat-4825,Sahmms 711,"Plats spciaux  bogies (S) — Premires sries reconnaissables  leur livre noire. Transport de coils, avec bouts fixes et ranchers pour un certain nombre d'exemplaires.",img/catalog/DB/W/DB_Sahmms711_1SS.gif,steel|steel-coils|steel-sheet|steel-beams|containers|wood|vehicles|sinter|pig-iron|scrap,steel-coils,steel-coils:description MLG: coils/rouleaux de tôles
cat-4826,Sahmms 711,"Plats spciaux  bogies (S) — Premires sries reconnaissables  leur livre noire. Transport de coils, sans bouts fixes ni ranchers.",img/catalog/DB/W/DB_Sahmms711_1S_R.gif,steel|steel-coils|steel-sheet|steel-beams|containers|wood|vehicles|sinter|pig-iron|scrap,steel-coils,steel-coils:description MLG: coils/rouleaux de tôles
cat-4828,Sahmms 711,"Plats spciaux  bogies (S) — Dernires sries reconnaissables  leur livre brune. Transport de coils, sans bouts fixes ni ranchers.",img/catalog/DB/W/DB_Sahmms711_2S_R.gif,steel|steel-coils|steel-sheet|steel-beams|containers|wood|vehicles|sinter|pig-iron|scrap,steel-coils,steel-coils:description MLG: coils/rouleaux de tôles
cat-4830,Sgjs 712,Plats spciaux  bogies (S) — Transport de containers (60').,img/catalog/DB/W/DB_Sgjs712_R.gif,steel|steel-coils|steel-sheet|steel-beams|containers|wood|vehicles|sinter|pig-iron|scrap,containers,containers:description MLG: conteneurs
cat-4832,Sahlmmps 713,"Plats spciaux  bogies (S) — Transport de coils. 100 nouveaux wagons construits au dbut des annes 2000, proches des Sahlmmps 706. Livre rouge traffic.",img/catalog/DB/W/DB_Sahlmmps713_VR.gif,steel|steel-coils|steel-sheet|steel-beams|containers|wood|vehicles|sinter|pig-iron|scrap,steel-coils,steel-coils:description MLG: coils/rouleaux de tôles
cat-4834,Sgjs 716,"Plats spciaux  bogies (S) — Plats longs  ranchers pivotants, essentiellement prvus pour le transport de containers.",img/catalog/DB/W/DB_Sgjs716.gif,steel|steel-coils|steel-sheet|steel-beams|containers|wood|vehicles|sinter|pig-iron|scrap,containers,containers:description MLG: conteneurs
cat-4840,Shimmns718,Plats spciaux  bogies (S) — Transport de coils. Livre DB Cargo. Chassis rouge pour les 200 units loues  OnRail.,img/catalog/DB/W/DB_Shimmns718_DBCOR.gif,steel|steel-coils|steel-sheet|steel-beams|containers|wood|vehicles|sinter|pig-iron|scrap,steel-coils,steel-coils:description MLG: coils/rouleaux de tôles
cat-4841,Sps 719,Plats spciaux  bogies (S) — Transport de grumes ou de tuyaux.,img/catalog/DB/W/DB_Sps719_K.gif,steel|steel-coils|steel-sheet|steel-beams|containers|wood|vehicles|sinter|pig-iron|scrap,steel-pipe|timber,timber:description MLG: bois/grumes/troncs | steel-pipe:description MLG: tubes/tuyaux
cat-4843,Shimmns720,"Plats spciaux  bogies (S) — Transport de coils. Livre rouge  chassis rouge, sans logo.",img/catalog/DB/W/DB_Shimmns720_VRSL.gif,steel|steel-coils|steel-sheet|steel-beams|containers|wood|vehicles|sinter|pig-iron|scrap,steel-coils,steel-coils:description MLG: coils/rouleaux de tôles
cat-4844,Shimmns722,"Plats spciaux  bogies (S) — Transport de coils. Anciens Shimmns 708  capots moderniss au dbut des annes 2000. 1000 exemplaires. Livre rouge  chassis rouge, sans logo.",img/catalog/DB/W/DB_Shimmns722_VRSL.gif,steel|steel-coils|steel-sheet|steel-beams|containers|wood|vehicles|sinter|pig-iron|scrap,steel-coils,steel-coils:description MLG: coils/rouleaux de tôles
cat-4846,Shimmns723,Plats spciaux  bogies (S) — Transport de coils. Livre Railion.,img/catalog/DB/W/DB_Shimmns723_RN.gif,steel|steel-coils|steel-sheet|steel-beams|containers|wood|vehicles|sinter|pig-iron|scrap,steel-coils,steel-coils:description MLG: coils/rouleaux de tôles
cat-4848,Sns 727,"Plats spciaux  bogies (S) — Transport de grumes ou de tuyaux, deuxime gnration (construction au dbut des annes 2000). Livre rouge trafic sans logo.",img/catalog/DB/W/DB_Sns727_VRSL.gif,steel|steel-coils|steel-sheet|steel-beams|containers|wood|vehicles|sinter|pig-iron|scrap,steel-pipe|timber,timber:description MLG: bois/grumes/troncs | steel-pipe:description MLG: tubes/tuyaux
cat-4850,Sgmmns 738,Plats spciaux  bogies (S) — Rmms 664 transforms pour le transport de caisses mobiles et de conteneurs.,img/catalog/DB/W/DB_Sgmmns738_R.gif,containers|general|steel|wood,swap-bodies,swap-bodies:description MLG: caisses mobiles
cat-4853,Sdggnos 744,Plats spciaux  bogies (S) — Transport combin (ex Kombiwaggon) avec une caisse permettant en plus le transport de remorques routires.,img/catalog/DB/W/DB_Sdggmrs744_R.gif,containers|general|steel|wood,semi-trailers,semi-trailers:description MLG: semi-remorques
cat-4854,Sahimms 900,"Plats spciaux  bogies (S) — Transport de coils,  capots tlscopiques. Bogies  6 essieux.",img/catalog/DB/W/DB_Sahimms900_R.gif,steel|steel-coils|steel-sheet|steel-beams|containers|wood|vehicles|sinter|pig-iron|scrap,steel-coils,steel-coils:description MLG: coils/rouleaux de tôles
cat-4858,Sahimms 901,"Plats spciaux  bogies (S) — Transport de coils, bchs, drivs des Sahmms 711. Bogies  6 essieux. Livre brune  bche bleue d'origine.",img/catalog/DB/W/DB_Sahimms901_B.gif,steel|steel-coils|steel-sheet|steel-beams|containers|wood|vehicles|sinter|pig-iron|scrap,steel-coils,steel-coils:description MLG: coils/rouleaux de tôles
cat-4930,Tadgs 957,Divers tombereaux spciaux avec toit (T) — Version pour transport de crales.,img/catalog/DB/W/DB_Tadgs957_K.gif,general,grain,grain:description/nom MLG: céréalier/grains
cat-4933,Tadgs 958,Divers tombereaux spciaux avec toit (T) — Version pour transport de crales.,img/catalog/DB/W/DB_Tadgs958_K.gif,general,grain,grain:description/nom MLG: céréalier/grains
cat-5016,mr-a(p),mr-a et mr-ap modifies pour transport de conteneurs — Livre verte d'origine. Numros UIC.,img/catalog/DPost/DPost_mra2658_H_V_R.gif,containers|general|steel|wood,containers,containers:description MLG: conteneurs
cat-5017,mr-a(p),mr-a et mr-ap modifies pour transport de conteneurs — Deuxime version de la livre bleu/beige.,img/catalog/DPost/DPost_mra2658_H_BB2_R.gif,containers|general|steel|wood,containers,containers:description MLG: conteneurs
cat-5038,Hbiqss,Couverts spciaux — Couverts  essieux  parois coulissantes lous  Transwaggon pour transport de conteneurs postaux roulants. 100 exemplaires. 120 Km/h.,img/catalog/DPost/DPost_Hbiqss_R.gif,general|paper|wood|sugar|salt|fertilizer|cement|flour|grain,containers|postal-roll-containers,postal-roll-containers:description MLG: conteneurs postaux roulants | containers:description MLG: conteneurs
cat-5039,Habiqss 1,Couverts spciaux — Couverts  bogies  parois coulissantes lous  Transwaggon pour transport de conteneurs postaux roulants. 100 exemplaires. 120 Km/h.,img/catalog/DPost/DPost_Habiqss1.gif,general|paper|wood|sugar|salt|fertilizer|cement|flour|grain,containers|postal-roll-containers,postal-roll-containers:description MLG: conteneurs postaux roulants | containers:description MLG: conteneurs
cat-5918,Eao 1410,Tombereaux (E) — 5 exemplaires. Utiliss en particulier pour le transport de pommes de terre.,img/catalog/D_P/OHE_Eao1410.gif,general,potatoes-bulk,potatoes-bulk:description MLG: pommes de terre
cat-6533,Gbs 254,BASF — Wagons pour transport de glace. Gbs 254 lous  la DB. Livre d'origine.,img/catalog/D_WP/BASF_Gbs254_L1.gif,general,industrial-ice,industrial-ice:description MLG: glace
cat-6542,Slmmp,HarzKalk — Transport de 3 containers de calcaire.,img/catalog/D_WP/HarzKalk_Slmmp_R.gif,general,limestone,limestone:description MLG: calcaire
cat-6543,Sdmrs,Helrom — Wagons articuls pouvant tranporter 2 semi-remorques.,img/catalog/D_WP/Helrom_Sdmrs_R.gif,general,semi-trailers,semi-trailers:description MLG: semi-remorques
cat-6546,E,MaxHtte — Wagons modifis (rehausse) pour transport de coke.,img/catalog/D_WP/MH_E_Kok_L1.gif,general,coke,coke:description MLG: coke
cat-6550,Faccs,OHU — Transport de gravier. Livre jaune OHU.,img/catalog/D_WP/D_Faccs_Kies_OHU_R.gif,general,gravel,gravel:description/nom MLG: gravier
cat-6551,Faccs,OHU — Transport de gravier. Livre verte UHL.,img/catalog/D_WP/D_Faccs_Kies_UHL_R.gif,general,gravel,gravel:description/nom MLG: gravier
cat-6610,E74 (Fas),"Tombereaux spciaux (F) — Ex SNCF, pour transport de ferrailles. Livre grise avec grand logo Ermewa blanc.",img/catalog/Loueurs/Ermewa_Fas_E74.gif,general,scrap-metal,scrap-metal:description MLG: ferraille
cat-6611,Falns 6634,"Tombereaux spciaux (F) — Trmie de 64 m3, essentiellement pour transport de chaux. Livre blanche avec grand logo Ermewa rouge.",img/catalog/Loueurs/Ermewa_Falns6634_R.gif,general,lime-bulk,lime-bulk:description MLG: chaux
cat-6616,Sggrss 80',Porte containers — Wagon articul pour 2 containers de 40'.,img/catalog/Loueurs/Ermewa_Sggrss80.gif,general,containers,containers:description MLG: conteneurs
cat-6617,Shmmns 4766,Transport de coils,img/catalog/Loueurs/Ermewa_Shmmns4766.gif,general,steel-coils,steel-coils:description MLG: coils/rouleaux de tôles
cat-6618,Shmmns 4785,Transport de coils,img/catalog/Loueurs/Ermewa_Shmmns4785.gif,general,steel-coils,steel-coils:description MLG: coils/rouleaux de tôles
cat-6619,Shimms 11.9,Transport de coils — Transport de coils bch ex SNCF. Bogies souds. Bche grise avec logo Ermewa.,img/catalog/Loueurs/Ermewa_Shimms11_9.gif,general,steel-coils,steel-coils:description MLG: coils/rouleaux de tôles
cat-6620,Shimmns,Transport de coils — Bche grise avec logo Ermewa.,img/catalog/Loueurs/Ermewa_Shimmns.gif,general,steel-coils,steel-coils:description MLG: coils/rouleaux de tôles
cat-6630,Tapps,Trmies  toit basculant — Transport de sucre (livre spcifique  bande bleue). Bogies mouls.,img/catalog/Loueurs/Ermewa_Tapps_BM_Sucre_R.gif,general,sugar-bulk,sugar-bulk:description/nom MLG: sucre/sucrier
cat-6633,Uagps,Craliers silos — Type Fauvet-Girel 94m3  faces planes.,img/catalog/Loueurs/Ermewa_Uagps_FG94P_R.gif,general,grain,grain:description/nom MLG: céréalier/grains
cat-6634,Uagps,Craliers silos — Type Fauvet-Girel 94m3  faces galbes et 4 trmies.,img/catalog/Loueurs/Ermewa_Uagps_FG94G4_R.gif,general,grain,grain:description/nom MLG: céréalier/grains
cat-7803,Shimmns,Plats spciaux  bogies (S) — Transport de coils.,img/catalog/FS/W/FS_Shmmns.gif,steel|steel-coils|steel-sheet|steel-beams|containers|wood|vehicles|sinter|pig-iron|scrap,steel-coils,steel-coils:description MLG: coils/rouleaux de tôles
cat-7804,Shimmns,Plats spciaux  bogies (S) — Transport de coils  capots coulissants. Logo FS initial.,img/catalog/FS/W/FS_Shimmns_L1_R.gif,steel|steel-coils|steel-sheet|steel-beams|containers|wood|vehicles|sinter|pig-iron|scrap,steel-coils,steel-coils:description MLG: coils/rouleaux de tôles
cat-7807,Shimmns 4677,"Plats spciaux  bogies (S) — Transport de coils bchs. Livre verte, logo Trenitalia.",img/catalog/FS/W/FS_Shimmns4677_T.gif,steel|steel-coils|steel-sheet|steel-beams|containers|wood|vehicles|sinter|pig-iron|scrap,steel-coils,steel-coils:description MLG: coils/rouleaux de tôles
cat-8093,Frangeco 84 m3,Craliers Frangeco 84 m3 — Marquages CTC (avant intgration au pool Transcrales).,img/catalog/F_WP/CerealFrang84_CTC_R.gif,grain|flour|sugar|salt|coal|ore|gravel|sand|ballast|limestone|cement|clinker|coke|bauxite|fertilizer|potash|phosphate|kaolin|alumina|sinter|pig-iron|scrap|aggregates,grain,grain:description/nom MLG: céréalier/grains
cat-8094,Frangeco 84 m3,Craliers Frangeco 84 m3 — Marquages Groupe Soufflet.,img/catalog/F_WP/CerealFrang84_Soufflet_R.gif,grain|flour|sugar|salt|coal|ore|gravel|sand|ballast|limestone|cement|clinker|coke|bauxite|fertilizer|potash|phosphate|kaolin|alumina|sinter|pig-iron|scrap|aggregates,grain,grain:description/nom MLG: céréalier/grains
cat-8095,Frangeco 84 m3,Craliers Frangeco 84 m3 — Marquages Transcrales CTC. Bogies Y27 mouls.,img/catalog/F_WP/CerealFrang84_TC_CTC_R.gif,grain|flour|sugar|salt|coal|ore|gravel|sand|ballast|limestone|cement|clinker|coke|bauxite|fertilizer|potash|phosphate|kaolin|alumina|sinter|pig-iron|scrap|aggregates,grain,grain:description/nom MLG: céréalier/grains
cat-8096,Frangeco 84 m3,Craliers Frangeco 84 m3 — Marquages Transcrales Esmery Caron.,img/catalog/F_WP/CerealFrang84_TC_Esmery_R.gif,grain|flour|sugar|salt|coal|ore|gravel|sand|ballast|limestone|cement|clinker|coke|bauxite|fertilizer|potash|phosphate|kaolin|alumina|sinter|pig-iron|scrap|aggregates,grain,grain:description/nom MLG: céréalier/grains
cat-8097,Frangeco 84 m3,Craliers Frangeco 84 m3 — Marquages Transcrales MRO (avec la raison sociale complte : Magasins Ruraux de l'Ouest).,img/catalog/F_WP/CerealFrang84_TC_MRO_L.gif,grain|flour|sugar|salt|coal|ore|gravel|sand|ballast|limestone|cement|clinker|coke|bauxite|fertilizer|potash|phosphate|kaolin|alumina|sinter|pig-iron|scrap|aggregates,grain,grain:description/nom MLG: céréalier/grains
cat-8098,Frangeco 84 m3,Craliers Frangeco 84 m3 — Marquages Transcrales STEMI.,img/catalog/F_WP/CerealFrang84_TC_STEMI_R.gif,grain|flour|sugar|salt|coal|ore|gravel|sand|ballast|limestone|cement|clinker|coke|bauxite|fertilizer|potash|phosphate|kaolin|alumina|sinter|pig-iron|scrap|aggregates,grain,grain:description/nom MLG: céréalier/grains
cat-8099,Frangeco 84 m3,Craliers Frangeco 84 m3 — Marquages Transcrales Transmagrains.,img/catalog/F_WP/CerealFrang84_TC_Transmagr_R.gif,grain|flour|sugar|salt|coal|ore|gravel|sand|ballast|limestone|cement|clinker|coke|bauxite|fertilizer|potash|phosphate|kaolin|alumina|sinter|pig-iron|scrap|aggregates,grain,grain:description/nom MLG: céréalier/grains
cat-8100,Frangeco 84 m3,Craliers Frangeco 84 m3 — Marquages verts Transcrales CTC.,img/catalog/F_WP/CerealFrang84_TCV_CTC_R.gif,grain|flour|sugar|salt|coal|ore|gravel|sand|ballast|limestone|cement|clinker|coke|bauxite|fertilizer|potash|phosphate|kaolin|alumina|sinter|pig-iron|scrap|aggregates,grain,grain:description/nom MLG: céréalier/grains
cat-8101,Frangeco 84 m3,Craliers Frangeco 84 m3 — Dernire livre Transcrales avec chassis gris clair. Marquages CTC.,img/catalog/F_WP/CerealFrang84_TCV2_CTC_R.gif,grain|flour|sugar|salt|coal|ore|gravel|sand|ballast|limestone|cement|clinker|coke|bauxite|fertilizer|potash|phosphate|kaolin|alumina|sinter|pig-iron|scrap|aggregates,grain,grain:description/nom MLG: céréalier/grains
cat-8102,Frangeco 84 m3,Wagons moderniss — Marquages Grands Moulins Maurel.,img/catalog/F_WP/CerealFrang84R_GMM_R.gif,grain|flour|sugar|salt|coal|ore|gravel|sand|ballast|limestone|cement|clinker|coke|bauxite|fertilizer|potash|phosphate|kaolin|alumina|sinter|pig-iron|scrap|aggregates,grain,grain:description/nom MLG: céréalier/grains
cat-8103,Frangeco 84 m3,Wagons moderniss — Marquages verts Transcrales CIWC.,img/catalog/F_WP/CerealFrang84R_TCV_CIWC_R.gif,grain|flour|sugar|salt|coal|ore|gravel|sand|ballast|limestone|cement|clinker|coke|bauxite|fertilizer|potash|phosphate|kaolin|alumina|sinter|pig-iron|scrap|aggregates,grain,grain:description/nom MLG: céréalier/grains
cat-8104,Frangeco 84 m3,Wagons moderniss — Marquages Transcrales Ermewa France.,img/catalog/F_WP/CerealFrang84R_TCV_Ermewa_R.gif,grain|flour|sugar|salt|coal|ore|gravel|sand|ballast|limestone|cement|clinker|coke|bauxite|fertilizer|potash|phosphate|kaolin|alumina|sinter|pig-iron|scrap|aggregates,grain,grain:description/nom MLG: céréalier/grains
cat-8105,Frangeco 84 m3,Wagons moderniss — Marquages Transcrales France Wagons.,img/catalog/F_WP/CerealFrang84R_TCV_FW_R.gif,grain|flour|sugar|salt|coal|ore|gravel|sand|ballast|limestone|cement|clinker|coke|bauxite|fertilizer|potash|phosphate|kaolin|alumina|sinter|pig-iron|scrap|aggregates,grain,grain:description/nom MLG: céréalier/grains
cat-8106,HK Porter 96 m3,Craliers HK Porter 96 m3 — Marquages CITA.,img/catalog/F_WP/CerealesFP96HKP_CITA_R.gif,grain|flour|sugar|salt|coal|ore|gravel|sand|ballast|limestone|cement|clinker|coke|bauxite|fertilizer|potash|phosphate|kaolin|alumina|sinter|pig-iron|scrap|aggregates,grain,grain:description/nom MLG: céréalier/grains
cat-8107,HK Porter 96 m3,Craliers HK Porter 96 m3 — Marquages CTC (avant intgration au pool Transcrales).,img/catalog/F_WP/CerealesFP96HKP_CTC_R.gif,grain|flour|sugar|salt|coal|ore|gravel|sand|ballast|limestone|cement|clinker|coke|bauxite|fertilizer|potash|phosphate|kaolin|alumina|sinter|pig-iron|scrap|aggregates,grain,grain:description/nom MLG: céréalier/grains
cat-8108,HK Porter 96 m3,Craliers HK Porter 96 m3 — Marquages Glon / Sanders.,img/catalog/F_WP/CerealesFP96HKP_GlonSanders_R.gif,grain|flour|sugar|salt|coal|ore|gravel|sand|ballast|limestone|cement|clinker|coke|bauxite|fertilizer|potash|phosphate|kaolin|alumina|sinter|pig-iron|scrap|aggregates,grain,grain:description/nom MLG: céréalier/grains
cat-8109,HK Porter 96 m3,Craliers HK Porter 96 m3 — Marquages Glon.,img/catalog/F_WP/CerealesFP96HKP_Glon_R.gif,grain|flour|sugar|salt|coal|ore|gravel|sand|ballast|limestone|cement|clinker|coke|bauxite|fertilizer|potash|phosphate|kaolin|alumina|sinter|pig-iron|scrap|aggregates,grain,grain:description/nom MLG: céréalier/grains
cat-8110,HK Porter 96 m3,Craliers HK Porter 96 m3 — Livre Sanders blanche.,img/catalog/F_WP/CerealFP96HKP_SandersB_R.gif,grain|flour|sugar|salt|coal|ore|gravel|sand|ballast|limestone|cement|clinker|coke|bauxite|fertilizer|potash|phosphate|kaolin|alumina|sinter|pig-iron|scrap|aggregates,grain,grain:description/nom MLG: céréalier/grains
cat-8111,HK Porter 96 m3,Craliers HK Porter 96 m3 — Marquages Groupe Soufflet.,img/catalog/F_WP/CerealesFP96HKP_Soufflet_R.gif,grain|flour|sugar|salt|coal|ore|gravel|sand|ballast|limestone|cement|clinker|coke|bauxite|fertilizer|potash|phosphate|kaolin|alumina|sinter|pig-iron|scrap|aggregates,grain,grain:description/nom MLG: céréalier/grains
cat-8112,HK Porter 96 m3,Craliers HK Porter 96 m3 — Marquages TMF CITA.,img/catalog/F_WP/CerealesFP96HKP_TMFCITA_R.gif,grain|flour|sugar|salt|coal|ore|gravel|sand|ballast|limestone|cement|clinker|coke|bauxite|fertilizer|potash|phosphate|kaolin|alumina|sinter|pig-iron|scrap|aggregates,grain,grain:description/nom MLG: céréalier/grains
cat-8113,HK Porter 96 m3,Craliers HK Porter 96 m3 — Marquages Transcrales CTC.,img/catalog/F_WP/CerealesFP96HKP_TC_CTC_R.gif,grain|flour|sugar|salt|coal|ore|gravel|sand|ballast|limestone|cement|clinker|coke|bauxite|fertilizer|potash|phosphate|kaolin|alumina|sinter|pig-iron|scrap|aggregates,grain,grain:description/nom MLG: céréalier/grains
cat-8114,HK Porter 96 m3,Craliers HK Porter 96 m3 — Marquages Transcrales TMF.,img/catalog/F_WP/CerealesFP96HKP_TC_TMF_R.gif,grain|flour|sugar|salt|coal|ore|gravel|sand|ballast|limestone|cement|clinker|coke|bauxite|fertilizer|potash|phosphate|kaolin|alumina|sinter|pig-iron|scrap|aggregates,grain,grain:description/nom MLG: céréalier/grains
cat-8115,HK Porter 96 m3,"Craliers HK Porter 96 m3 — Marquages verts Transcrales CTC, chassis clair.",img/catalog/F_WP/CerealHKP96_TCV2_CTC_R.gif,grain|flour|sugar|salt|coal|ore|gravel|sand|ballast|limestone|cement|clinker|coke|bauxite|fertilizer|potash|phosphate|kaolin|alumina|sinter|pig-iron|scrap|aggregates,grain,grain:description/nom MLG: céréalier/grains
cat-8116,CFMF 95 m3,95 m3 faces galbes — Marquages Guyomarc'h.,img/catalog/F_WP/CerealCFMF95_Guyomarch_R.gif,grain|flour|sugar|salt|coal|ore|gravel|sand|ballast|limestone|cement|clinker|coke|bauxite|fertilizer|potash|phosphate|kaolin|alumina|sinter|pig-iron|scrap|aggregates,grain,grain:description/nom MLG: céréalier/grains
cat-8117,CFMF 96 m3,"96 m3 faces galbes — Gris, sans logo.",img/catalog/F_WP/CerealCFMF96_R.gif,grain|flour|sugar|salt|coal|ore|gravel|sand|ballast|limestone|cement|clinker|coke|bauxite|fertilizer|potash|phosphate|kaolin|alumina|sinter|pig-iron|scrap|aggregates,grain,grain:description/nom MLG: céréalier/grains
cat-8118,CFMF 96 m3,"96 m3 faces galbes — Blanc, sans logo (ex Gouessant).",img/catalog/F_WP/CerealCFMF96_B_R.gif,grain|flour|sugar|salt|coal|ore|gravel|sand|ballast|limestone|cement|clinker|coke|bauxite|fertilizer|potash|phosphate|kaolin|alumina|sinter|pig-iron|scrap|aggregates,grain,grain:description/nom MLG: céréalier/grains
cat-8119,CFMF 96 m3,96 m3 faces galbes — Anciens marquages Coopagri.,img/catalog/F_WP/CerealCFMF96_Coopagri1_R.gif,grain|flour|sugar|salt|coal|ore|gravel|sand|ballast|limestone|cement|clinker|coke|bauxite|fertilizer|potash|phosphate|kaolin|alumina|sinter|pig-iron|scrap|aggregates,grain,grain:description/nom MLG: céréalier/grains
cat-8120,CFMF 96 m3,96 m3 faces galbes — Marquages Coopagri plus rcents.,img/catalog/F_WP/CerealCFMF96_Coopagri_R.gif,grain|flour|sugar|salt|coal|ore|gravel|sand|ballast|limestone|cement|clinker|coke|bauxite|fertilizer|potash|phosphate|kaolin|alumina|sinter|pig-iron|scrap|aggregates,grain,grain:description/nom MLG: céréalier/grains
cat-8121,CFMF 96 m3,96 m3 faces galbes — Marquages Le Gouessant.,img/catalog/F_WP/CerealCFMF96_Gouessant_R.gif,grain|flour|sugar|salt|coal|ore|gravel|sand|ballast|limestone|cement|clinker|coke|bauxite|fertilizer|potash|phosphate|kaolin|alumina|sinter|pig-iron|scrap|aggregates,grain,grain:description/nom MLG: céréalier/grains
cat-8122,CFMF 96 m3,96 m3 faces galbes — Marquages Guyomarc'h.,img/catalog/F_WP/CerealCFMF96_Guyomarch_R.gif,grain|flour|sugar|salt|coal|ore|gravel|sand|ballast|limestone|cement|clinker|coke|bauxite|fertilizer|potash|phosphate|kaolin|alumina|sinter|pig-iron|scrap|aggregates,grain,grain:description/nom MLG: céréalier/grains
cat-8123,CFMF 96 m3,96 m3 faces galbes — Premire livre Monfer.,img/catalog/F_WP/CerealCFMF96_Monfer1_R.gif,grain|flour|sugar|salt|coal|ore|gravel|sand|ballast|limestone|cement|clinker|coke|bauxite|fertilizer|potash|phosphate|kaolin|alumina|sinter|pig-iron|scrap|aggregates,grain,grain:description/nom MLG: céréalier/grains
cat-8124,CFMF 96 m3,"96 m3 faces galbes — Marquages Groupe Soufflet. Bogies souds, joints moins nombreux.",img/catalog/F_WP/CerealCFMF96_Soufflet2_R.gif,grain|flour|sugar|salt|coal|ore|gravel|sand|ballast|limestone|cement|clinker|coke|bauxite|fertilizer|potash|phosphate|kaolin|alumina|sinter|pig-iron|scrap|aggregates,grain,grain:description/nom MLG: céréalier/grains
cat-8125,CFMF 96 m3,"96 m3 faces galbes — Marquages verts Transcrales, chassis clair. Joints moins nombreux.",img/catalog/F_WP/CerealCFMF96_TCV2_R.gif,grain|flour|sugar|salt|coal|ore|gravel|sand|ballast|limestone|cement|clinker|coke|bauxite|fertilizer|potash|phosphate|kaolin|alumina|sinter|pig-iron|scrap|aggregates,grain,grain:description/nom MLG: céréalier/grains
cat-8126,CFMF 96 m3,"96 m3 faces galbes — Marquages verts Transcrales CTC, chassis clair.",img/catalog/F_WP/CerealCFMF96_TCV2_CTC_R.gif,grain|flour|sugar|salt|coal|ore|gravel|sand|ballast|limestone|cement|clinker|coke|bauxite|fertilizer|potash|phosphate|kaolin|alumina|sinter|pig-iron|scrap|aggregates,grain,grain:description/nom MLG: céréalier/grains
cat-8127,CFMF 96 m3,"96 m3 faces galbes — Marquages verts Transcrales Invivo, chassis clair. Bogies souds, joints moins nombreux.",img/catalog/F_WP/CerealCFMF96_TCV2_Invivo_R.gif,grain|flour|sugar|salt|coal|ore|gravel|sand|ballast|limestone|cement|clinker|coke|bauxite|fertilizer|potash|phosphate|kaolin|alumina|sinter|pig-iron|scrap|aggregates,grain,grain:description/nom MLG: céréalier/grains
cat-8128,CFMF 96 m3,96 m3 faces galbes — Livre Union cooprative de l'Argoat.,img/catalog/F_WP/CerealCFMF96_UCA_R.gif,grain|flour|sugar|salt|coal|ore|gravel|sand|ballast|limestone|cement|clinker|coke|bauxite|fertilizer|potash|phosphate|kaolin|alumina|sinter|pig-iron|scrap|aggregates,grain,grain:description/nom MLG: céréalier/grains
cat-8129,102 m3 faces planes,102 m3 — Blancs sans logo (ex UCA).,img/catalog/F_WP/Cereal_FP102FG_B_R.gif,grain|flour|sugar|salt|coal|ore|gravel|sand|ballast|limestone|cement|clinker|coke|bauxite|fertilizer|potash|phosphate|kaolin|alumina|sinter|pig-iron|scrap|aggregates,grain,grain:description/nom MLG: céréalier/grains
cat-8130,102 m3 faces planes,102 m3 — Livre Union cooprative de l'Argoat.,img/catalog/F_WP/Cereal_FP102FG_UCA_R.gif,grain|flour|sugar|salt|coal|ore|gravel|sand|ballast|limestone|cement|clinker|coke|bauxite|fertilizer|potash|phosphate|kaolin|alumina|sinter|pig-iron|scrap|aggregates,grain,grain:description/nom MLG: céréalier/grains
cat-8131,102 m3 faces planes,"102 m3 — Version diffrente, sans nervures. Livre Le Gouessant.",img/catalog/F_WP/Cereal_FP102FG_Gouessant_R.gif,grain|flour|sugar|salt|coal|ore|gravel|sand|ballast|limestone|cement|clinker|coke|bauxite|fertilizer|potash|phosphate|kaolin|alumina|sinter|pig-iron|scrap|aggregates,grain,grain:description/nom MLG: céréalier/grains
cat-8132,86 m3 faces planes,86 m3 — Livre grise neutre.,img/catalog/F_WP/CerealFG86P_R.gif,grain|flour|sugar|salt|coal|ore|gravel|sand|ballast|limestone|cement|clinker|coke|bauxite|fertilizer|potash|phosphate|kaolin|alumina|sinter|pig-iron|scrap|aggregates,grain,grain:description/nom MLG: céréalier/grains
cat-8133,86 m3 faces planes,86 m3 — Marquages TMF CITA.,img/catalog/F_WP/CerealFG86P_TMFCITA_R.gif,grain|flour|sugar|salt|coal|ore|gravel|sand|ballast|limestone|cement|clinker|coke|bauxite|fertilizer|potash|phosphate|kaolin|alumina|sinter|pig-iron|scrap|aggregates,grain,grain:description/nom MLG: céréalier/grains
cat-8134,86 m3 faces planes,86 m3 — Marquages Transcrales CMT.,img/catalog/F_WP/CerealFG86P_TC_CMT_R.gif,grain|flour|sugar|salt|coal|ore|gravel|sand|ballast|limestone|cement|clinker|coke|bauxite|fertilizer|potash|phosphate|kaolin|alumina|sinter|pig-iron|scrap|aggregates,grain,grain:description/nom MLG: céréalier/grains
cat-8135,86 m3 faces planes,86 m3 — Marquages Transcrales Comptoir Andr.,img/catalog/F_WP/CerealFG86P_TC_CA_R.gif,grain|flour|sugar|salt|coal|ore|gravel|sand|ballast|limestone|cement|clinker|coke|bauxite|fertilizer|potash|phosphate|kaolin|alumina|sinter|pig-iron|scrap|aggregates,grain,grain:description/nom MLG: céréalier/grains
cat-8136,86 m3 faces planes,86 m3 — Marquages Transcrales SATI.,img/catalog/F_WP/CerealFG86P_TC_SATI_R.gif,grain|flour|sugar|salt|coal|ore|gravel|sand|ballast|limestone|cement|clinker|coke|bauxite|fertilizer|potash|phosphate|kaolin|alumina|sinter|pig-iron|scrap|aggregates,grain,grain:description/nom MLG: céréalier/grains
cat-8137,86 m3 faces planes,86 m3 — Marquages verts Transcrales simple.,img/catalog/F_WP/CerealFG86P_TCV_R.gif,grain|flour|sugar|salt|coal|ore|gravel|sand|ballast|limestone|cement|clinker|coke|bauxite|fertilizer|potash|phosphate|kaolin|alumina|sinter|pig-iron|scrap|aggregates,grain,grain:description/nom MLG: céréalier/grains
cat-8138,86 m3 faces planes,86 m3 — Marquages verts Transcrales CTC.,img/catalog/F_WP/CerealFG86P_TCV_CTC_R.gif,grain|flour|sugar|salt|coal|ore|gravel|sand|ballast|limestone|cement|clinker|coke|bauxite|fertilizer|potash|phosphate|kaolin|alumina|sinter|pig-iron|scrap|aggregates,grain,grain:description/nom MLG: céréalier/grains
cat-8139,86 m3 faces planes,86 m3 — Dernire livre Transcrales avec chassis gris clair. Marquages CTC.,img/catalog/F_WP/CerealFG86P_TCV2_CTC_R.gif,grain|flour|sugar|salt|coal|ore|gravel|sand|ballast|limestone|cement|clinker|coke|bauxite|fertilizer|potash|phosphate|kaolin|alumina|sinter|pig-iron|scrap|aggregates,grain,grain:description/nom MLG: céréalier/grains
cat-8140,86 m3 faces planes,86 m3 — Marquages Unicopa.,img/catalog/F_WP/CerealFG86P_Unicopa_R.gif,grain|flour|sugar|salt|coal|ore|gravel|sand|ballast|limestone|cement|clinker|coke|bauxite|fertilizer|potash|phosphate|kaolin|alumina|sinter|pig-iron|scrap|aggregates,grain,grain:description/nom MLG: céréalier/grains
cat-8141,92 m3 faces planes,92 m3 — Livre neutre blanche (ex wagons Le Gouessant).,img/catalog/F_WP/CerealFG92P_B_R.gif,grain|flour|sugar|salt|coal|ore|gravel|sand|ballast|limestone|cement|clinker|coke|bauxite|fertilizer|potash|phosphate|kaolin|alumina|sinter|pig-iron|scrap|aggregates,grain,grain:description/nom MLG: céréalier/grains
cat-8142,92 m3 faces planes,92 m3 — Livre neutre grise.,img/catalog/F_WP/CerealFG92P_R.gif,grain|flour|sugar|salt|coal|ore|gravel|sand|ballast|limestone|cement|clinker|coke|bauxite|fertilizer|potash|phosphate|kaolin|alumina|sinter|pig-iron|scrap|aggregates,grain,grain:description/nom MLG: céréalier/grains
cat-8143,92 m3 faces planes,92 m3 — Marquages Coopagri.,img/catalog/F_WP/CerealFG92P_Coopagri_R.gif,grain|flour|sugar|salt|coal|ore|gravel|sand|ballast|limestone|cement|clinker|coke|bauxite|fertilizer|potash|phosphate|kaolin|alumina|sinter|pig-iron|scrap|aggregates,grain,grain:description/nom MLG: céréalier/grains
cat-8144,92 m3 faces planes,92 m3 — Livre Le Gouessant.,img/catalog/F_WP/CerealFG92P_Gouessant_R.gif,grain|flour|sugar|salt|coal|ore|gravel|sand|ballast|limestone|cement|clinker|coke|bauxite|fertilizer|potash|phosphate|kaolin|alumina|sinter|pig-iron|scrap|aggregates,grain,grain:description/nom MLG: céréalier/grains
cat-8145,92 m3 faces planes,92 m3 — Marquages Groupe Soufflet.,img/catalog/F_WP/CerealFG92P_Souf2_R.gif,grain|flour|sugar|salt|coal|ore|gravel|sand|ballast|limestone|cement|clinker|coke|bauxite|fertilizer|potash|phosphate|kaolin|alumina|sinter|pig-iron|scrap|aggregates,grain,grain:description/nom MLG: céréalier/grains
cat-8146,92 m3 faces planes,92 m3 — Marquages Transcrales.,img/catalog/F_WP/CerealFG92P_TC_R.gif,grain|flour|sugar|salt|coal|ore|gravel|sand|ballast|limestone|cement|clinker|coke|bauxite|fertilizer|potash|phosphate|kaolin|alumina|sinter|pig-iron|scrap|aggregates,grain,grain:description/nom MLG: céréalier/grains
cat-8147,92 m3 faces planes,92 m3 — Marquages Transcrales SHGT.,img/catalog/F_WP/CerealFG92P_TC_SHGT_R.gif,grain|flour|sugar|salt|coal|ore|gravel|sand|ballast|limestone|cement|clinker|coke|bauxite|fertilizer|potash|phosphate|kaolin|alumina|sinter|pig-iron|scrap|aggregates,grain,grain:description/nom MLG: céréalier/grains
cat-8148,92 m3 faces planes,"92 m3 — Livre verte Transcrales, sans pi.",img/catalog/F_WP/CerealFG92P_TCV_R.gif,grain|flour|sugar|salt|coal|ore|gravel|sand|ballast|limestone|cement|clinker|coke|bauxite|fertilizer|potash|phosphate|kaolin|alumina|sinter|pig-iron|scrap|aggregates,grain,grain:description/nom MLG: céréalier/grains
cat-8149,92 m3 faces planes,"92 m3 — Livre verte Transcrales, sans pi. Marquage C. C. Andr.",img/catalog/F_WP/CerealFG92P_TCV_CCA_R.gif,grain|flour|sugar|salt|coal|ore|gravel|sand|ballast|limestone|cement|clinker|coke|bauxite|fertilizer|potash|phosphate|kaolin|alumina|sinter|pig-iron|scrap|aggregates,grain,grain:description/nom MLG: céréalier/grains
cat-8150,92 m3 faces planes,"92 m3 — Livre verte Transcrales, sans pi. Marquage Comptoir Andr.",img/catalog/F_WP/CerealFG92P_TCV_CA_R.gif,grain|flour|sugar|salt|coal|ore|gravel|sand|ballast|limestone|cement|clinker|coke|bauxite|fertilizer|potash|phosphate|kaolin|alumina|sinter|pig-iron|scrap|aggregates,grain,grain:description/nom MLG: céréalier/grains
cat-8151,92 m3 faces planes,"92 m3 — Livre verte Transcrales, sans pi. Marquage CTC.",img/catalog/F_WP/CerealFG92P_TCV_CTC_R.gif,grain|flour|sugar|salt|coal|ore|gravel|sand|ballast|limestone|cement|clinker|coke|bauxite|fertilizer|potash|phosphate|kaolin|alumina|sinter|pig-iron|scrap|aggregates,grain,grain:description/nom MLG: céréalier/grains
cat-8152,92 m3 faces planes,92 m3 — Troisime version de livre Transcrales. Marquage CTC.,img/catalog/F_WP/CerealFG92P_TCV2_CTC_R.gif,grain|flour|sugar|salt|coal|ore|gravel|sand|ballast|limestone|cement|clinker|coke|bauxite|fertilizer|potash|phosphate|kaolin|alumina|sinter|pig-iron|scrap|aggregates,grain,grain:description/nom MLG: céréalier/grains
cat-8153,92 m3 faces planes,"92 m3 — Livre verte Transcrales, avec pi. Marquage Ermewa.",img/catalog/F_WP/CerealFG92P_TCVE_Ermewa_R.gif,grain|flour|sugar|salt|coal|ore|gravel|sand|ballast|limestone|cement|clinker|coke|bauxite|fertilizer|potash|phosphate|kaolin|alumina|sinter|pig-iron|scrap|aggregates,grain,grain:description/nom MLG: céréalier/grains
cat-8154,92 m3 faces planes,"92 m3 — Livre verte Transcrales, sans pi. Marquage Ermewa.",img/catalog/F_WP/CerealFG92P_TCV_Ermewa_R.gif,grain|flour|sugar|salt|coal|ore|gravel|sand|ballast|limestone|cement|clinker|coke|bauxite|fertilizer|potash|phosphate|kaolin|alumina|sinter|pig-iron|scrap|aggregates,grain,grain:description/nom MLG: céréalier/grains
cat-8155,92 m3 faces planes,92 m3 — Troisime version de livre Transcrales. Marquage Ermewa.,img/catalog/F_WP/CerealFG92P_TCV2_Ermewa_R.gif,grain|flour|sugar|salt|coal|ore|gravel|sand|ballast|limestone|cement|clinker|coke|bauxite|fertilizer|potash|phosphate|kaolin|alumina|sinter|pig-iron|scrap|aggregates,grain,grain:description/nom MLG: céréalier/grains
cat-8156,92 m3 faces planes,"92 m3 — Livre verte Transcrales, sans pi. Marquage Invivo.",img/catalog/F_WP/CerealFG92P_TCV_Invivo_R.gif,grain|flour|sugar|salt|coal|ore|gravel|sand|ballast|limestone|cement|clinker|coke|bauxite|fertilizer|potash|phosphate|kaolin|alumina|sinter|pig-iron|scrap|aggregates,grain,grain:description/nom MLG: céréalier/grains
cat-8157,92 m3 faces planes,"92 m3 — Livre verte Transcrales, sans pi. Marquage SICA La Rochelle Pallice.",img/catalog/F_WP/CerealFG92P_TCV_SICALRP_R.gif,grain|flour|sugar|salt|coal|ore|gravel|sand|ballast|limestone|cement|clinker|coke|bauxite|fertilizer|potash|phosphate|kaolin|alumina|sinter|pig-iron|scrap|aggregates,grain,grain:description/nom MLG: céréalier/grains
cat-8158,92 m3 faces planes,"92 m3 — Livre verte Transcrales, sans pi. Marquage SICA.",img/catalog/F_WP/CerealFG92P_TCV_SICA_R.gif,grain|flour|sugar|salt|coal|ore|gravel|sand|ballast|limestone|cement|clinker|coke|bauxite|fertilizer|potash|phosphate|kaolin|alumina|sinter|pig-iron|scrap|aggregates,grain,grain:description/nom MLG: céréalier/grains
cat-8159,94 m3 faces planes,94 m3 — Livre grise neutre.,img/catalog/F_WP/CerealFG94P_R.gif,grain|flour|sugar|salt|coal|ore|gravel|sand|ballast|limestone|cement|clinker|coke|bauxite|fertilizer|potash|phosphate|kaolin|alumina|sinter|pig-iron|scrap|aggregates,grain,grain:description/nom MLG: céréalier/grains
cat-8160,94 m3 faces planes,"94 m3 — Marquages Cargill, premire version.",img/catalog/F_WP/CerealFG94P_Cargill1_R.gif,grain|flour|sugar|salt|coal|ore|gravel|sand|ballast|limestone|cement|clinker|coke|bauxite|fertilizer|potash|phosphate|kaolin|alumina|sinter|pig-iron|scrap|aggregates,grain,grain:description/nom MLG: céréalier/grains
cat-8161,94 m3 faces planes,"94 m3 — Marquages Cargill, deuxime version.",img/catalog/F_WP/CerealFG94P_Cargill2_R.gif,grain|flour|sugar|salt|coal|ore|gravel|sand|ballast|limestone|cement|clinker|coke|bauxite|fertilizer|potash|phosphate|kaolin|alumina|sinter|pig-iron|scrap|aggregates,grain,grain:description/nom MLG: céréalier/grains
cat-8162,94 m3 faces planes,94 m3 — Livre Cooperl (premire version).,img/catalog/F_WP/CerealFG94P_Cooperl1_R.gif,grain|flour|sugar|salt|coal|ore|gravel|sand|ballast|limestone|cement|clinker|coke|bauxite|fertilizer|potash|phosphate|kaolin|alumina|sinter|pig-iron|scrap|aggregates,grain,grain:description/nom MLG: céréalier/grains
cat-8163,94 m3 faces planes,94 m3 — Livre Cooperl.,img/catalog/F_WP/CerealFG94P_Cooperl_R.gif,grain|flour|sugar|salt|coal|ore|gravel|sand|ballast|limestone|cement|clinker|coke|bauxite|fertilizer|potash|phosphate|kaolin|alumina|sinter|pig-iron|scrap|aggregates,grain,grain:description/nom MLG: céréalier/grains
cat-8164,94 m3 faces planes,94 m3 — Livre Cooperl Arc Atlantique.,img/catalog/F_WP/CerealFG94P_CooperlAA_R.gif,grain|flour|sugar|salt|coal|ore|gravel|sand|ballast|limestone|cement|clinker|coke|bauxite|fertilizer|potash|phosphate|kaolin|alumina|sinter|pig-iron|scrap|aggregates,grain,grain:description/nom MLG: céréalier/grains
cat-8165,94 m3 faces planes,94 m3 — Marquages Glon.,img/catalog/F_WP/CerealFG94P_Glon_R.gif,grain|flour|sugar|salt|coal|ore|gravel|sand|ballast|limestone|cement|clinker|coke|bauxite|fertilizer|potash|phosphate|kaolin|alumina|sinter|pig-iron|scrap|aggregates,grain,grain:description/nom MLG: céréalier/grains
cat-8166,94 m3 faces planes,94 m3 — Marquages Le Gouessant.,img/catalog/F_WP/CerealesFP_Gouessant_R.gif,grain|flour|sugar|salt|coal|ore|gravel|sand|ballast|limestone|cement|clinker|coke|bauxite|fertilizer|potash|phosphate|kaolin|alumina|sinter|pig-iron|scrap|aggregates,grain,grain:description/nom MLG: céréalier/grains
cat-8167,94 m3 faces planes,94 m3 — Livre Granit.,img/catalog/F_WP/CerealFG94P_Granit_R.gif,grain|flour|sugar|salt|coal|ore|gravel|sand|ballast|limestone|cement|clinker|coke|bauxite|fertilizer|potash|phosphate|kaolin|alumina|sinter|pig-iron|scrap|aggregates,grain,grain:description/nom MLG: céréalier/grains
cat-8168,94 m3 faces planes,94 m3 — Marquages Guyomarc'h.,img/catalog/F_WP/CerealFG94P_Guyomarch_R.gif,grain|flour|sugar|salt|coal|ore|gravel|sand|ballast|limestone|cement|clinker|coke|bauxite|fertilizer|potash|phosphate|kaolin|alumina|sinter|pig-iron|scrap|aggregates,grain,grain:description/nom MLG: céréalier/grains
cat-8169,94 m3 faces planes,94 m3 — Marquages Michel Blanc.,img/catalog/F_WP/CerealFG94P_MBlanc_R.gif,grain|flour|sugar|salt|coal|ore|gravel|sand|ballast|limestone|cement|clinker|coke|bauxite|fertilizer|potash|phosphate|kaolin|alumina|sinter|pig-iron|scrap|aggregates,grain,grain:description/nom MLG: céréalier/grains
cat-8170,94 m3 faces planes,94 m3 — Livre Monfer initiale.,img/catalog/F_WP/CerealFG94P_Monfer1_R.gif,grain|flour|sugar|salt|coal|ore|gravel|sand|ballast|limestone|cement|clinker|coke|bauxite|fertilizer|potash|phosphate|kaolin|alumina|sinter|pig-iron|scrap|aggregates,grain,grain:description/nom MLG: céréalier/grains
cat-8171,94 m3 faces planes,94 m3 — Livre Monfer plus rcente (caractres plus gras et carrs).,img/catalog/F_WP/CerealFG94P_Monfer_R.gif,grain|flour|sugar|salt|coal|ore|gravel|sand|ballast|limestone|cement|clinker|coke|bauxite|fertilizer|potash|phosphate|kaolin|alumina|sinter|pig-iron|scrap|aggregates,grain,grain:description/nom MLG: céréalier/grains
cat-8172,94 m3 faces planes,94 m3 — Livre Sanders jaune.,img/catalog/F_WP/CerealFP_SandersJ_R.gif,grain|flour|sugar|salt|coal|ore|gravel|sand|ballast|limestone|cement|clinker|coke|bauxite|fertilizer|potash|phosphate|kaolin|alumina|sinter|pig-iron|scrap|aggregates,grain,grain:description/nom MLG: céréalier/grains
cat-8173,94 m3 faces planes,94 m3 — Livre Sanders blanche.,img/catalog/F_WP/CerealFP_SandersB_R.gif,grain|flour|sugar|salt|coal|ore|gravel|sand|ballast|limestone|cement|clinker|coke|bauxite|fertilizer|potash|phosphate|kaolin|alumina|sinter|pig-iron|scrap|aggregates,grain,grain:description/nom MLG: céréalier/grains
cat-8174,94 m3 faces planes,94 m3 — Marquages Groupe Soufflet.,img/catalog/F_WP/CerealFG94P_Soufflet2_R.gif,grain|flour|sugar|salt|coal|ore|gravel|sand|ballast|limestone|cement|clinker|coke|bauxite|fertilizer|potash|phosphate|kaolin|alumina|sinter|pig-iron|scrap|aggregates,grain,grain:description/nom MLG: céréalier/grains
cat-8175,94 m3 faces planes,94 m3 — Nouvelle livre Groupe Soufflet (premire application  : 2011).,img/catalog/F_WP/CerealFG94P_Soufflet3_R.gif,grain|flour|sugar|salt|coal|ore|gravel|sand|ballast|limestone|cement|clinker|coke|bauxite|fertilizer|potash|phosphate|kaolin|alumina|sinter|pig-iron|scrap|aggregates,grain,grain:description/nom MLG: céréalier/grains
cat-8176,94 m3 faces planes,94 m3 — Dernire livre des Grands Moulins Storione.,img/catalog/F_WP/CerealFG94P_Storione2_R.gif,grain|flour|sugar|salt|coal|ore|gravel|sand|ballast|limestone|cement|clinker|coke|bauxite|fertilizer|potash|phosphate|kaolin|alumina|sinter|pig-iron|scrap|aggregates,grain,grain:description/nom MLG: céréalier/grains
cat-8177,94 m3 faces planes,94 m3 — Marquages TMF CITA.,img/catalog/F_WP/CerealFG94P_TMFCITA_R.gif,grain|flour|sugar|salt|coal|ore|gravel|sand|ballast|limestone|cement|clinker|coke|bauxite|fertilizer|potash|phosphate|kaolin|alumina|sinter|pig-iron|scrap|aggregates,grain,grain:description/nom MLG: céréalier/grains
cat-8178,94 m3 faces planes,94 m3 — Marquages TMF CITA simplifi (petit logo).,img/catalog/F_WP/CerealFG94P_TMFCITAPL_R.gif,grain|flour|sugar|salt|coal|ore|gravel|sand|ballast|limestone|cement|clinker|coke|bauxite|fertilizer|potash|phosphate|kaolin|alumina|sinter|pig-iron|scrap|aggregates,grain,grain:description/nom MLG: céréalier/grains
cat-8179,94 m3 faces planes,94 m3 — Marquages TMF CITA / Ermewa.,img/catalog/F_WP/CerealFG94P_TMFCITAE_R.gif,grain|flour|sugar|salt|coal|ore|gravel|sand|ballast|limestone|cement|clinker|coke|bauxite|fertilizer|potash|phosphate|kaolin|alumina|sinter|pig-iron|scrap|aggregates,grain,grain:description/nom MLG: céréalier/grains
cat-8180,94 m3 faces planes,94 m3 — Marquages Transcrales simple.,img/catalog/F_WP/CerealFG94P_TC_R.gif,grain|flour|sugar|salt|coal|ore|gravel|sand|ballast|limestone|cement|clinker|coke|bauxite|fertilizer|potash|phosphate|kaolin|alumina|sinter|pig-iron|scrap|aggregates,grain,grain:description/nom MLG: céréalier/grains
cat-8181,94 m3 faces planes,94 m3 — Marquages Transcrales Compagnie du Midi.,img/catalog/F_WP/CerealFG94P_TC_Midi_R.gif,grain|flour|sugar|salt|coal|ore|gravel|sand|ballast|limestone|cement|clinker|coke|bauxite|fertilizer|potash|phosphate|kaolin|alumina|sinter|pig-iron|scrap|aggregates,grain,grain:description/nom MLG: céréalier/grains
cat-8182,94 m3 faces planes,94 m3 — Premire version des marquages Transcrales CTC.,img/catalog/F_WP/CerealFG94P_TC_CTC1_R.gif,grain|flour|sugar|salt|coal|ore|gravel|sand|ballast|limestone|cement|clinker|coke|bauxite|fertilizer|potash|phosphate|kaolin|alumina|sinter|pig-iron|scrap|aggregates,grain,grain:description/nom MLG: céréalier/grains
cat-8183,94 m3 faces planes,94 m3 — Marquages Transcrales CTC dfinitifs.,img/catalog/F_WP/CerealFG94P_TC_CTC_R.gif,grain|flour|sugar|salt|coal|ore|gravel|sand|ballast|limestone|cement|clinker|coke|bauxite|fertilizer|potash|phosphate|kaolin|alumina|sinter|pig-iron|scrap|aggregates,grain,grain:description/nom MLG: céréalier/grains
cat-8184,94 m3 faces planes,94 m3 — Marquages Transcrales Esmery-Caron.,img/catalog/F_WP/CerealFG94P_TC_Esmery_R.gif,grain|flour|sugar|salt|coal|ore|gravel|sand|ballast|limestone|cement|clinker|coke|bauxite|fertilizer|potash|phosphate|kaolin|alumina|sinter|pig-iron|scrap|aggregates,grain,grain:description/nom MLG: céréalier/grains
cat-8185,94 m3 faces planes,94 m3 — Marquages Transcrales SHGT.,img/catalog/F_WP/CerealFG94P_TC_SHGT_R.gif,grain|flour|sugar|salt|coal|ore|gravel|sand|ballast|limestone|cement|clinker|coke|bauxite|fertilizer|potash|phosphate|kaolin|alumina|sinter|pig-iron|scrap|aggregates,grain,grain:description/nom MLG: céréalier/grains
cat-8186,94 m3 faces planes,94 m3 — Premire version des marquages Transcrales Simotra.,img/catalog/F_WP/CerealFG94P_TC_Simotra1_R.gif,grain|flour|sugar|salt|coal|ore|gravel|sand|ballast|limestone|cement|clinker|coke|bauxite|fertilizer|potash|phosphate|kaolin|alumina|sinter|pig-iron|scrap|aggregates,grain,grain:description/nom MLG: céréalier/grains
cat-8187,94 m3 faces planes,94 m3 — Marquages Transcrales Stemi.,img/catalog/F_WP/CerealFG94P_TC_Stemi_R.gif,grain|flour|sugar|salt|coal|ore|gravel|sand|ballast|limestone|cement|clinker|coke|bauxite|fertilizer|potash|phosphate|kaolin|alumina|sinter|pig-iron|scrap|aggregates,grain,grain:description/nom MLG: céréalier/grains
cat-8188,94 m3 faces planes,"94 m3 — Livre verte Transcrales, avec pi. Marquage CTC.",img/catalog/F_WP/CerealFG94P_TCVE_CTC_R.gif,grain|flour|sugar|salt|coal|ore|gravel|sand|ballast|limestone|cement|clinker|coke|bauxite|fertilizer|potash|phosphate|kaolin|alumina|sinter|pig-iron|scrap|aggregates,grain,grain:description/nom MLG: céréalier/grains
cat-8189,94 m3 faces planes,"94 m3 — Livre verte Transcrales, sans pi. Marquage CTC.",img/catalog/F_WP/CerealFG94P_TCV_CTC_R.gif,grain|flour|sugar|salt|coal|ore|gravel|sand|ballast|limestone|cement|clinker|coke|bauxite|fertilizer|potash|phosphate|kaolin|alumina|sinter|pig-iron|scrap|aggregates,grain,grain:description/nom MLG: céréalier/grains
cat-8190,94 m3 faces planes,"94 m3 — Livre verte Transcrales, avec pi. Marquage Ermewa.",img/catalog/F_WP/CerealFG94P_TCVE_Ermewa_R.gif,grain|flour|sugar|salt|coal|ore|gravel|sand|ballast|limestone|cement|clinker|coke|bauxite|fertilizer|potash|phosphate|kaolin|alumina|sinter|pig-iron|scrap|aggregates,grain,grain:description/nom MLG: céréalier/grains
cat-8191,94 m3 faces planes,"94 m3 — Deuxime version de livre Transcrales, avec pi. Marquage SHGT.",img/catalog/F_WP/CerealesFP_TCV_SHGT_R.gif,grain|flour|sugar|salt|coal|ore|gravel|sand|ballast|limestone|cement|clinker|coke|bauxite|fertilizer|potash|phosphate|kaolin|alumina|sinter|pig-iron|scrap|aggregates,grain,grain:description/nom MLG: céréalier/grains
cat-8192,94 m3 faces planes,94 m3 — Livre verte. Marquages UFAC / Moulins du Bos.,img/catalog/F_WP/CerealFG94P_UFAC_R.gif,grain|flour|sugar|salt|coal|ore|gravel|sand|ballast|limestone|cement|clinker|coke|bauxite|fertilizer|potash|phosphate|kaolin|alumina|sinter|pig-iron|scrap|aggregates,grain,grain:description/nom MLG: céréalier/grains
cat-8193,94 m3 faces planes,94 m3 — Marquages Unicopa.,img/catalog/F_WP/CerealFG94P_Unicopa_R.gif,grain|flour|sugar|salt|coal|ore|gravel|sand|ballast|limestone|cement|clinker|coke|bauxite|fertilizer|potash|phosphate|kaolin|alumina|sinter|pig-iron|scrap|aggregates,grain,grain:description/nom MLG: céréalier/grains
cat-8194,94 m3 faces planes,94 m3 — Livre Union cooprative de l'Argoat.,img/catalog/F_WP/CerealFP_UCA_R.gif,grain|flour|sugar|salt|coal|ore|gravel|sand|ballast|limestone|cement|clinker|coke|bauxite|fertilizer|potash|phosphate|kaolin|alumina|sinter|pig-iron|scrap|aggregates,grain,grain:description/nom MLG: céréalier/grains
cat-8195,96 m3 faces planes,"96 m3 premier type — Marquages Cargill, premire version.",img/catalog/F_WP/CerealFG96P1_Cargill1_R.gif,grain|flour|sugar|salt|coal|ore|gravel|sand|ballast|limestone|cement|clinker|coke|bauxite|fertilizer|potash|phosphate|kaolin|alumina|sinter|pig-iron|scrap|aggregates,grain,grain:description/nom MLG: céréalier/grains
cat-8196,96 m3 faces planes,"96 m3 premier type — Marquages Cargill, deuxime version.",img/catalog/F_WP/CerealFG96P1_Cargill2_R.gif,grain|flour|sugar|salt|coal|ore|gravel|sand|ballast|limestone|cement|clinker|coke|bauxite|fertilizer|potash|phosphate|kaolin|alumina|sinter|pig-iron|scrap|aggregates,grain,grain:description/nom MLG: céréalier/grains
cat-8197,96 m3 faces planes,96 m3 premier type — Livre Granit.,img/catalog/F_WP/CerealFG96P1_Granit_R.gif,grain|flour|sugar|salt|coal|ore|gravel|sand|ballast|limestone|cement|clinker|coke|bauxite|fertilizer|potash|phosphate|kaolin|alumina|sinter|pig-iron|scrap|aggregates,grain,grain:description/nom MLG: céréalier/grains
cat-8198,96 m3 faces planes,96 m3 premier type — Marquages Guyomarc'h.,img/catalog/F_WP/CerealFG96P1_Guyomarch_R.gif,grain|flour|sugar|salt|coal|ore|gravel|sand|ballast|limestone|cement|clinker|coke|bauxite|fertilizer|potash|phosphate|kaolin|alumina|sinter|pig-iron|scrap|aggregates,grain,grain:description/nom MLG: céréalier/grains
cat-8199,96 m3 faces planes,96 m3 premier type — Marquages Monfer France.,img/catalog/F_WP/CerealFG96P1_Monfer_R.gif,grain|flour|sugar|salt|coal|ore|gravel|sand|ballast|limestone|cement|clinker|coke|bauxite|fertilizer|potash|phosphate|kaolin|alumina|sinter|pig-iron|scrap|aggregates,grain,grain:description/nom MLG: céréalier/grains
cat-8200,96 m3 faces planes,96 m3 premier type — Dernire livre des Grands Moulins Storione.,img/catalog/F_WP/CerealFG96P1_Storione2_R.gif,grain|flour|sugar|salt|coal|ore|gravel|sand|ballast|limestone|cement|clinker|coke|bauxite|fertilizer|potash|phosphate|kaolin|alumina|sinter|pig-iron|scrap|aggregates,grain,grain:description/nom MLG: céréalier/grains
cat-8201,96 m3 faces planes,96 m3 premier type — Livre TMF CITA noire (ex Storione).,img/catalog/F_WP/CerealFG96P1_TMFCITAN_R.gif,grain|flour|sugar|salt|coal|ore|gravel|sand|ballast|limestone|cement|clinker|coke|bauxite|fertilizer|potash|phosphate|kaolin|alumina|sinter|pig-iron|scrap|aggregates,grain,grain:description/nom MLG: céréalier/grains
cat-8202,96 m3 faces planes,"96 m3 premier type — Livre verte Transcrales, avec pi. Marquage CTC.",img/catalog/F_WP/CerealFG96P1_TCVE_CTC_R.gif,grain|flour|sugar|salt|coal|ore|gravel|sand|ballast|limestone|cement|clinker|coke|bauxite|fertilizer|potash|phosphate|kaolin|alumina|sinter|pig-iron|scrap|aggregates,grain,grain:description/nom MLG: céréalier/grains
cat-8203,96 m3 faces planes,96 m3 premier type — Livre Union cooprative de l'Argoat.,img/catalog/F_WP/CerealFG96P1_UCA_R.gif,grain|flour|sugar|salt|coal|ore|gravel|sand|ballast|limestone|cement|clinker|coke|bauxite|fertilizer|potash|phosphate|kaolin|alumina|sinter|pig-iron|scrap|aggregates,grain,grain:description/nom MLG: céréalier/grains
cat-8204,96 m3 faces planes,"96 m3 2me type,  4 trmies — Anciens marquages Soufflet.",img/catalog/F_WP/CerealFG96P2_Soufflet1_R.gif,grain|flour|sugar|salt|coal|ore|gravel|sand|ballast|limestone|cement|clinker|coke|bauxite|fertilizer|potash|phosphate|kaolin|alumina|sinter|pig-iron|scrap|aggregates,grain,grain:description/nom MLG: céréalier/grains
cat-8205,96 m3 faces planes,"96 m3 2me type,  4 trmies — Marquages Groupe Soufflet.",img/catalog/F_WP/CerealFG96P2_Soufflet2_R.gif,grain|flour|sugar|salt|coal|ore|gravel|sand|ballast|limestone|cement|clinker|coke|bauxite|fertilizer|potash|phosphate|kaolin|alumina|sinter|pig-iron|scrap|aggregates,grain,grain:description/nom MLG: céréalier/grains
cat-8206,96 m3 faces planes,"96 m3 2me type,  4 trmies — Marquages Transcrales UNCAC.",img/catalog/F_WP/CerealFG96P2_TC_UNCAC_R.gif,grain|flour|sugar|salt|coal|ore|gravel|sand|ballast|limestone|cement|clinker|coke|bauxite|fertilizer|potash|phosphate|kaolin|alumina|sinter|pig-iron|scrap|aggregates,grain,grain:description/nom MLG: céréalier/grains
cat-8207,96 m3 faces planes,"96 m3 2me type,  4 trmies — Livre verte Transcrales, sans pi.",img/catalog/F_WP/CerealFG96P2_TCV_R.gif,grain|flour|sugar|salt|coal|ore|gravel|sand|ballast|limestone|cement|clinker|coke|bauxite|fertilizer|potash|phosphate|kaolin|alumina|sinter|pig-iron|scrap|aggregates,grain,grain:description/nom MLG: céréalier/grains
cat-8208,96 m3 faces planes,"96 m3 2me type,  4 trmies — Livre verte Transcrales, sans pi. Marquage CTC.",img/catalog/F_WP/CerealFG96P2_TCV_CTC_R.gif,grain|flour|sugar|salt|coal|ore|gravel|sand|ballast|limestone|cement|clinker|coke|bauxite|fertilizer|potash|phosphate|kaolin|alumina|sinter|pig-iron|scrap|aggregates,grain,grain:description/nom MLG: céréalier/grains
cat-8209,96 m3 faces planes,"96 m3 2me type,  4 trmies — Livre verte Transcrales, avec pi.",img/catalog/F_WP/CerealFG96P2_TCVE_R.gif,grain|flour|sugar|salt|coal|ore|gravel|sand|ballast|limestone|cement|clinker|coke|bauxite|fertilizer|potash|phosphate|kaolin|alumina|sinter|pig-iron|scrap|aggregates,grain,grain:description/nom MLG: céréalier/grains
cat-8210,96 m3 faces planes,"96 m3 2me type,  4 trmies — Livre verte Transcrales, avec pi. Marquage CTC.",img/catalog/F_WP/CerealFG96P2_TCVE_CTC_R.gif,grain|flour|sugar|salt|coal|ore|gravel|sand|ballast|limestone|cement|clinker|coke|bauxite|fertilizer|potash|phosphate|kaolin|alumina|sinter|pig-iron|scrap|aggregates,grain,grain:description/nom MLG: céréalier/grains
cat-8211,96 m3 faces planes,"96 m3 2me type,  4 trmies — Livre verte Transcrales, avec pi. Marquage Transmagrains.",img/catalog/F_WP/CerealFG96P2_TCVE_Transmagrains_R.gif,grain|flour|sugar|salt|coal|ore|gravel|sand|ballast|limestone|cement|clinker|coke|bauxite|fertilizer|potash|phosphate|kaolin|alumina|sinter|pig-iron|scrap|aggregates,grain,grain:description/nom MLG: céréalier/grains
cat-8212,96 m3 faces planes,"96 m3 2me type,  4 trmies — Dernire livre Transcrales avec chassis gris clair. Marquages CIWC.",img/catalog/F_WP/CerealFG96P2_TCV2_CIWC_R.gif,grain|flour|sugar|salt|coal|ore|gravel|sand|ballast|limestone|cement|clinker|coke|bauxite|fertilizer|potash|phosphate|kaolin|alumina|sinter|pig-iron|scrap|aggregates,grain,grain:description/nom MLG: céréalier/grains
cat-8213,96 m3 faces planes,"96 m3 2me type,  4 trmies — Dernire livre Transcrales avec chassis gris clair. Marquages CTC.",img/catalog/F_WP/CerealFG96P2_TCV2_CTC_R.gif,grain|flour|sugar|salt|coal|ore|gravel|sand|ballast|limestone|cement|clinker|coke|bauxite|fertilizer|potash|phosphate|kaolin|alumina|sinter|pig-iron|scrap|aggregates,grain,grain:description/nom MLG: céréalier/grains
cat-8214,96 m3 faces planes,"96 m3 2me type,  4 trmies — Dernire livre Transcrales avec chassis gris clair. Marquages Invivo.",img/catalog/F_WP/CerealFG96P2_TCV2_Invivo_R.gif,grain|flour|sugar|salt|coal|ore|gravel|sand|ballast|limestone|cement|clinker|coke|bauxite|fertilizer|potash|phosphate|kaolin|alumina|sinter|pig-iron|scrap|aggregates,grain,grain:description/nom MLG: céréalier/grains
cat-8215,96 m3 faces planes,"96 m3 3me type,  3 trmies — Marquages Breiz'Al.",img/catalog/F_WP/CerealFG96P3_Breizal_R.gif,grain|flour|sugar|salt|coal|ore|gravel|sand|ballast|limestone|cement|clinker|coke|bauxite|fertilizer|potash|phosphate|kaolin|alumina|sinter|pig-iron|scrap|aggregates,grain,grain:description/nom MLG: céréalier/grains
cat-8216,96 m3 faces planes,"96 m3 3me type,  3 trmies — Marquages Cooperl.",img/catalog/F_WP/CerealFG96P3_Cooperl_R.gif,grain|flour|sugar|salt|coal|ore|gravel|sand|ballast|limestone|cement|clinker|coke|bauxite|fertilizer|potash|phosphate|kaolin|alumina|sinter|pig-iron|scrap|aggregates,grain,grain:description/nom MLG: céréalier/grains
cat-8217,96 m3 faces planes,"96 m3 3me type,  3 trmies — Premier logo Guyomarc'h.",img/catalog/F_WP/CerealFG96P3_Guyomarch1_R.gif,grain|flour|sugar|salt|coal|ore|gravel|sand|ballast|limestone|cement|clinker|coke|bauxite|fertilizer|potash|phosphate|kaolin|alumina|sinter|pig-iron|scrap|aggregates,grain,grain:description/nom MLG: céréalier/grains
cat-8218,96 m3 faces planes,"96 m3 3me type,  3 trmies — Marquages Guyomarc'h.",img/catalog/F_WP/CerealFG96P3_Guyomarch_R.gif,grain|flour|sugar|salt|coal|ore|gravel|sand|ballast|limestone|cement|clinker|coke|bauxite|fertilizer|potash|phosphate|kaolin|alumina|sinter|pig-iron|scrap|aggregates,grain,grain:description/nom MLG: céréalier/grains
cat-8219,96 m3 faces planes,"96 m3 3me type,  3 trmies — Marquages TMF CITA.",img/catalog/F_WP/CerealFG96P3_TMFCITA_R.gif,grain|flour|sugar|salt|coal|ore|gravel|sand|ballast|limestone|cement|clinker|coke|bauxite|fertilizer|potash|phosphate|kaolin|alumina|sinter|pig-iron|scrap|aggregates,grain,grain:description/nom MLG: céréalier/grains
cat-8220,96 m3 faces planes,"96 m3 3me type,  3 trmies — Marquages Transcrales Compagnie du Midi.",img/catalog/F_WP/CerealFG96P3_TC_Midi_R.gif,grain|flour|sugar|salt|coal|ore|gravel|sand|ballast|limestone|cement|clinker|coke|bauxite|fertilizer|potash|phosphate|kaolin|alumina|sinter|pig-iron|scrap|aggregates,grain,grain:description/nom MLG: céréalier/grains
cat-8221,96 m3 faces planes,"96 m3 3me type,  3 trmies — Livre verte Transcrales, avec pi.",img/catalog/F_WP/CerealFG96P3_TCVE_R.gif,grain|flour|sugar|salt|coal|ore|gravel|sand|ballast|limestone|cement|clinker|coke|bauxite|fertilizer|potash|phosphate|kaolin|alumina|sinter|pig-iron|scrap|aggregates,grain,grain:description/nom MLG: céréalier/grains
cat-8222,96 m3 faces planes,"96 m3 3me type,  3 trmies — Livre verte Transcrales, avec pi. Marquage ERMEWA.",img/catalog/F_WP/CerealFG96P3_TCVE_Ermewa_R.gif,grain|flour|sugar|salt|coal|ore|gravel|sand|ballast|limestone|cement|clinker|coke|bauxite|fertilizer|potash|phosphate|kaolin|alumina|sinter|pig-iron|scrap|aggregates,grain,grain:description/nom MLG: céréalier/grains
cat-8223,96 m3 faces planes,"96 m3 3me type,  3 trmies — Livre verte Transcrales. Marquage CTC.",img/catalog/F_WP/CerealFG96P3_TCV_CTC_R.gif,grain|flour|sugar|salt|coal|ore|gravel|sand|ballast|limestone|cement|clinker|coke|bauxite|fertilizer|potash|phosphate|kaolin|alumina|sinter|pig-iron|scrap|aggregates,grain,grain:description/nom MLG: céréalier/grains
cat-8224,94 m3 faces galbes,A 3 trmies — Livre grise neutre.,img/catalog/F_WP/CerealFG94G_R.gif,grain|flour|sugar|salt|coal|ore|gravel|sand|ballast|limestone|cement|clinker|coke|bauxite|fertilizer|potash|phosphate|kaolin|alumina|sinter|pig-iron|scrap|aggregates,grain,grain:description/nom MLG: céréalier/grains
cat-8225,94 m3 faces galbes,A 3 trmies — Livre Cantalou.,img/catalog/F_WP/CerealFG94G_Cantalou_R.gif,grain|flour|sugar|salt|coal|ore|gravel|sand|ballast|limestone|cement|clinker|coke|bauxite|fertilizer|potash|phosphate|kaolin|alumina|sinter|pig-iron|scrap|aggregates,grain,grain:description/nom MLG: céréalier/grains
cat-8226,94 m3 faces galbes,A 3 trmies — Marquages Le Gouessant.,img/catalog/F_WP/CerealFG94G_Gouessant_R.gif,grain|flour|sugar|salt|coal|ore|gravel|sand|ballast|limestone|cement|clinker|coke|bauxite|fertilizer|potash|phosphate|kaolin|alumina|sinter|pig-iron|scrap|aggregates,grain,grain:description/nom MLG: céréalier/grains
cat-8227,94 m3 faces galbes,A 3 trmies — Livre des Grands Moulins de Bourgoin.,img/catalog/F_WP/CerealFG_GMB_R.gif,grain|flour|sugar|salt|coal|ore|gravel|sand|ballast|limestone|cement|clinker|coke|bauxite|fertilizer|potash|phosphate|kaolin|alumina|sinter|pig-iron|scrap|aggregates,grain,grain:description/nom MLG: céréalier/grains
cat-8228,94 m3 faces galbes,A 3 trmies — Marquages Monfer (en biais).,img/catalog/F_WP/CerealFG94G_Monfer1b_R.gif,grain|flour|sugar|salt|coal|ore|gravel|sand|ballast|limestone|cement|clinker|coke|bauxite|fertilizer|potash|phosphate|kaolin|alumina|sinter|pig-iron|scrap|aggregates,grain,grain:description/nom MLG: céréalier/grains
cat-8229,94 m3 faces galbes,A 3 trmies — Anciens marquages Soufflet.,img/catalog/F_WP/CerealFG94G_Soufflet1_R.gif,grain|flour|sugar|salt|coal|ore|gravel|sand|ballast|limestone|cement|clinker|coke|bauxite|fertilizer|potash|phosphate|kaolin|alumina|sinter|pig-iron|scrap|aggregates,grain,grain:description/nom MLG: céréalier/grains
cat-8230,94 m3 faces galbes,A 3 trmies — Marquages Groupe Soufflet.,img/catalog/F_WP/CerealFG94G_Soufflet2_R.gif,grain|flour|sugar|salt|coal|ore|gravel|sand|ballast|limestone|cement|clinker|coke|bauxite|fertilizer|potash|phosphate|kaolin|alumina|sinter|pig-iron|scrap|aggregates,grain,grain:description/nom MLG: céréalier/grains
cat-8231,94 m3 faces galbes,A 3 trmies — Nouvelle livre Groupe Soufflet (premire application  : 2011).,img/catalog/F_WP/CerealFG94G_Soufflet3_R.gif,grain|flour|sugar|salt|coal|ore|gravel|sand|ballast|limestone|cement|clinker|coke|bauxite|fertilizer|potash|phosphate|kaolin|alumina|sinter|pig-iron|scrap|aggregates,grain,grain:description/nom MLG: céréalier/grains
cat-8232,94 m3 faces galbes,A 3 trmies — Ancienne livre des Grands Moulins Storione.,img/catalog/F_WP/CerealFG94G_Storione1_R.gif,grain|flour|sugar|salt|coal|ore|gravel|sand|ballast|limestone|cement|clinker|coke|bauxite|fertilizer|potash|phosphate|kaolin|alumina|sinter|pig-iron|scrap|aggregates,grain,grain:description/nom MLG: céréalier/grains
cat-8233,94 m3 faces galbes,A 3 trmies — Dernire livre des Grands Moulins Storione.,img/catalog/F_WP/CerealFG94G_Storione2_R.gif,grain|flour|sugar|salt|coal|ore|gravel|sand|ballast|limestone|cement|clinker|coke|bauxite|fertilizer|potash|phosphate|kaolin|alumina|sinter|pig-iron|scrap|aggregates,grain,grain:description/nom MLG: céréalier/grains
cat-8234,94 m3 faces galbes,A 3 trmies — Marquages TMF CITA.,img/catalog/F_WP/CerealFG94G_TMFCITA_R.gif,grain|flour|sugar|salt|coal|ore|gravel|sand|ballast|limestone|cement|clinker|coke|bauxite|fertilizer|potash|phosphate|kaolin|alumina|sinter|pig-iron|scrap|aggregates,grain,grain:description/nom MLG: céréalier/grains
cat-8235,94 m3 faces galbes,A 3 trmies — Marquages TMF CITA simplifi (petit logo).,img/catalog/F_WP/CerealFG94G_TMFCITAPL_R.gif,grain|flour|sugar|salt|coal|ore|gravel|sand|ballast|limestone|cement|clinker|coke|bauxite|fertilizer|potash|phosphate|kaolin|alumina|sinter|pig-iron|scrap|aggregates,grain,grain:description/nom MLG: céréalier/grains
cat-8236,94 m3 faces galbes,A 3 trmies — Marquages Transcrales simple.,img/catalog/F_WP/CerealFG94G_TC_R.gif,grain|flour|sugar|salt|coal|ore|gravel|sand|ballast|limestone|cement|clinker|coke|bauxite|fertilizer|potash|phosphate|kaolin|alumina|sinter|pig-iron|scrap|aggregates,grain,grain:description/nom MLG: céréalier/grains
cat-8237,94 m3 faces galbes,A 3 trmies — Marquages Transcrales Algeco.,img/catalog/F_WP/CerealFG94G_TC_Algeco_R.gif,grain|flour|sugar|salt|coal|ore|gravel|sand|ballast|limestone|cement|clinker|coke|bauxite|fertilizer|potash|phosphate|kaolin|alumina|sinter|pig-iron|scrap|aggregates,grain,grain:description/nom MLG: céréalier/grains
cat-8238,94 m3 faces galbes,A 3 trmies — Marquages Transcrales CTC.,img/catalog/F_WP/CerealFG94G_TC_CTC_R.gif,grain|flour|sugar|salt|coal|ore|gravel|sand|ballast|limestone|cement|clinker|coke|bauxite|fertilizer|potash|phosphate|kaolin|alumina|sinter|pig-iron|scrap|aggregates,grain,grain:description/nom MLG: céréalier/grains
cat-8239,94 m3 faces galbes,A 3 trmies — Marquages Transcrales Ermewa.,img/catalog/F_WP/CerealFG94G_TC_Ermewa_R.gif,grain|flour|sugar|salt|coal|ore|gravel|sand|ballast|limestone|cement|clinker|coke|bauxite|fertilizer|potash|phosphate|kaolin|alumina|sinter|pig-iron|scrap|aggregates,grain,grain:description/nom MLG: céréalier/grains
cat-8240,94 m3 faces galbes,A 3 trmies — Marquages Transcrales Esmery Caron.,img/catalog/F_WP/CerealFG94G_TC_Esmery_R.gif,grain|flour|sugar|salt|coal|ore|gravel|sand|ballast|limestone|cement|clinker|coke|bauxite|fertilizer|potash|phosphate|kaolin|alumina|sinter|pig-iron|scrap|aggregates,grain,grain:description/nom MLG: céréalier/grains
cat-8241,94 m3 faces galbes,A 3 trmies — Marquages Transcrales M.R.O..,img/catalog/F_WP/CerealFG94G_TC_MRO_R.gif,grain|flour|sugar|salt|coal|ore|gravel|sand|ballast|limestone|cement|clinker|coke|bauxite|fertilizer|potash|phosphate|kaolin|alumina|sinter|pig-iron|scrap|aggregates,grain,grain:description/nom MLG: céréalier/grains
cat-8242,94 m3 faces galbes,A 3 trmies — Marquages Transcrales Propul.,img/catalog/F_WP/CerealFG94G_TC_Propul_R.gif,grain|flour|sugar|salt|coal|ore|gravel|sand|ballast|limestone|cement|clinker|coke|bauxite|fertilizer|potash|phosphate|kaolin|alumina|sinter|pig-iron|scrap|aggregates,grain,grain:description/nom MLG: céréalier/grains
cat-8243,94 m3 faces galbes,A 3 trmies — Marquages Transcrales SHGT.,img/catalog/F_WP/CerealFG94G_TC_SHGT_R.gif,grain|flour|sugar|salt|coal|ore|gravel|sand|ballast|limestone|cement|clinker|coke|bauxite|fertilizer|potash|phosphate|kaolin|alumina|sinter|pig-iron|scrap|aggregates,grain,grain:description/nom MLG: céréalier/grains
cat-8244,94 m3 faces galbes,A 3 trmies — Marquages Transcrales SICA La Rochelle Pallice.,img/catalog/F_WP/CerealFG94G_TC_SICALRP_R.gif,grain|flour|sugar|salt|coal|ore|gravel|sand|ballast|limestone|cement|clinker|coke|bauxite|fertilizer|potash|phosphate|kaolin|alumina|sinter|pig-iron|scrap|aggregates,grain,grain:description/nom MLG: céréalier/grains
cat-8245,94 m3 faces galbes,"A 3 trmies — Livre verte Transcrales, avec pi.",img/catalog/F_WP/CerealFG94G_TCVE_R.gif,grain|flour|sugar|salt|coal|ore|gravel|sand|ballast|limestone|cement|clinker|coke|bauxite|fertilizer|potash|phosphate|kaolin|alumina|sinter|pig-iron|scrap|aggregates,grain,grain:description/nom MLG: céréalier/grains
cat-8246,94 m3 faces galbes,"A 3 trmies — Livre verte Transcrales, sans pi.",img/catalog/F_WP/CerealFG94G_TCV_R.gif,grain|flour|sugar|salt|coal|ore|gravel|sand|ballast|limestone|cement|clinker|coke|bauxite|fertilizer|potash|phosphate|kaolin|alumina|sinter|pig-iron|scrap|aggregates,grain,grain:description/nom MLG: céréalier/grains
cat-8247,94 m3 faces galbes,"A 3 trmies — Troisime version de livre Transcrales (chassis clair, marquages verts).",img/catalog/F_WP/CerealFG94G_TCV2_R.gif,grain|flour|sugar|salt|coal|ore|gravel|sand|ballast|limestone|cement|clinker|coke|bauxite|fertilizer|potash|phosphate|kaolin|alumina|sinter|pig-iron|scrap|aggregates,grain,grain:description/nom MLG: céréalier/grains
cat-8248,94 m3 faces galbes,"A 3 trmies — Livre verte Transcrales, sans pi. Marquage CAF Grains.",img/catalog/F_WP/CerealFG94G_TCV_CAFGrains_R.gif,grain|flour|sugar|salt|coal|ore|gravel|sand|ballast|limestone|cement|clinker|coke|bauxite|fertilizer|potash|phosphate|kaolin|alumina|sinter|pig-iron|scrap|aggregates,grain,grain:description/nom MLG: céréalier/grains
cat-8249,94 m3 faces galbes,"A 3 trmies — Livre verte Transcrales, avec pi. Marquage CIWC.",img/catalog/F_WP/CerealFG94G_TCVE_CIWC_R.gif,grain|flour|sugar|salt|coal|ore|gravel|sand|ballast|limestone|cement|clinker|coke|bauxite|fertilizer|potash|phosphate|kaolin|alumina|sinter|pig-iron|scrap|aggregates,grain,grain:description/nom MLG: céréalier/grains
cat-8250,94 m3 faces galbes,"A 3 trmies — Livre verte Transcrales, sans pi. Marquage CIWC.",img/catalog/F_WP/CerealFG94G_TCV_CIWC_R.gif,grain|flour|sugar|salt|coal|ore|gravel|sand|ballast|limestone|cement|clinker|coke|bauxite|fertilizer|potash|phosphate|kaolin|alumina|sinter|pig-iron|scrap|aggregates,grain,grain:description/nom MLG: céréalier/grains
cat-8251,94 m3 faces galbes,"A 3 trmies — Livre verte Transcrales, sans pi. Marquage Comptoirs Andr.",img/catalog/F_WP/CerealFG94G_TCV_CA_R.gif,grain|flour|sugar|salt|coal|ore|gravel|sand|ballast|limestone|cement|clinker|coke|bauxite|fertilizer|potash|phosphate|kaolin|alumina|sinter|pig-iron|scrap|aggregates,grain,grain:description/nom MLG: céréalier/grains
cat-8252,94 m3 faces galbes,"A 3 trmies — Livre verte Transcrales, avec pi. Marquage CTC.",img/catalog/F_WP/CerealFG94G_TCVE_CTC_R.gif,grain|flour|sugar|salt|coal|ore|gravel|sand|ballast|limestone|cement|clinker|coke|bauxite|fertilizer|potash|phosphate|kaolin|alumina|sinter|pig-iron|scrap|aggregates,grain,grain:description/nom MLG: céréalier/grains
cat-8253,94 m3 faces galbes,"A 3 trmies — Livre verte Transcrales, sans pi. Marquage CTC.",img/catalog/F_WP/CerealFG94G_TCV_CTC_R.gif,grain|flour|sugar|salt|coal|ore|gravel|sand|ballast|limestone|cement|clinker|coke|bauxite|fertilizer|potash|phosphate|kaolin|alumina|sinter|pig-iron|scrap|aggregates,grain,grain:description/nom MLG: céréalier/grains
cat-8254,94 m3 faces galbes,A 3 trmies — Troisime version de livre Transcrales. Marquage CTC.,img/catalog/F_WP/CerealFG94G_TCV2_CTC_R.gif,grain|flour|sugar|salt|coal|ore|gravel|sand|ballast|limestone|cement|clinker|coke|bauxite|fertilizer|potash|phosphate|kaolin|alumina|sinter|pig-iron|scrap|aggregates,grain,grain:description/nom MLG: céréalier/grains
cat-8255,94 m3 faces galbes,"A 3 trmies — Livre verte Transcrales, avec pi. Marquage Ermewa.",img/catalog/F_WP/CerealFG94G_TCVE_Ermewa_R.gif,grain|flour|sugar|salt|coal|ore|gravel|sand|ballast|limestone|cement|clinker|coke|bauxite|fertilizer|potash|phosphate|kaolin|alumina|sinter|pig-iron|scrap|aggregates,grain,grain:description/nom MLG: céréalier/grains
cat-8256,94 m3 faces galbes,"A 3 trmies — Livre verte Transcrales, sans pi. Marquage Ermewa.",img/catalog/F_WP/CerealFG94G_TCV_Ermewa_R.gif,grain|flour|sugar|salt|coal|ore|gravel|sand|ballast|limestone|cement|clinker|coke|bauxite|fertilizer|potash|phosphate|kaolin|alumina|sinter|pig-iron|scrap|aggregates,grain,grain:description/nom MLG: céréalier/grains
cat-8257,94 m3 faces galbes,A 3 trmies — Troisime version de livre Transcrales. Marquage Ermewa.,img/catalog/F_WP/CerealFG94G_TCV2_Ermewa_R.gif,grain|flour|sugar|salt|coal|ore|gravel|sand|ballast|limestone|cement|clinker|coke|bauxite|fertilizer|potash|phosphate|kaolin|alumina|sinter|pig-iron|scrap|aggregates,grain,grain:description/nom MLG: céréalier/grains
cat-8258,94 m3 faces galbes,"A 3 trmies — Livre verte Transcrales, sans pi. Marquage France Wagons.",img/catalog/F_WP/CerealFG94G_TCV_FW_R.gif,grain|flour|sugar|salt|coal|ore|gravel|sand|ballast|limestone|cement|clinker|coke|bauxite|fertilizer|potash|phosphate|kaolin|alumina|sinter|pig-iron|scrap|aggregates,grain,grain:description/nom MLG: céréalier/grains
cat-8259,94 m3 faces galbes,"A 3 trmies — Livre verte Transcrales, avec pi. Marquage Invivo.",img/catalog/F_WP/CerealFG94G_TCVE_Invivo_R.gif,grain|flour|sugar|salt|coal|ore|gravel|sand|ballast|limestone|cement|clinker|coke|bauxite|fertilizer|potash|phosphate|kaolin|alumina|sinter|pig-iron|scrap|aggregates,grain,grain:description/nom MLG: céréalier/grains
cat-8260,94 m3 faces galbes,"A 3 trmies — Livre verte Transcrales, sans pi. Marquage Invivo.",img/catalog/F_WP/CerealFG94G_TCV_Invivo_R.gif,grain|flour|sugar|salt|coal|ore|gravel|sand|ballast|limestone|cement|clinker|coke|bauxite|fertilizer|potash|phosphate|kaolin|alumina|sinter|pig-iron|scrap|aggregates,grain,grain:description/nom MLG: céréalier/grains
cat-8261,94 m3 faces galbes,"A 3 trmies — Livre verte Transcrales, avec pi. Marquage M.R.O..",img/catalog/F_WP/CerealFG94G_TCVE_MRO_R.gif,grain|flour|sugar|salt|coal|ore|gravel|sand|ballast|limestone|cement|clinker|coke|bauxite|fertilizer|potash|phosphate|kaolin|alumina|sinter|pig-iron|scrap|aggregates,grain,grain:description/nom MLG: céréalier/grains
cat-8262,94 m3 faces galbes,"A 3 trmies — Livre verte Transcrales, sans pi. Marquage M.R.O..",img/catalog/F_WP/CerealFG94G_TCV_MRO_R.gif,grain|flour|sugar|salt|coal|ore|gravel|sand|ballast|limestone|cement|clinker|coke|bauxite|fertilizer|potash|phosphate|kaolin|alumina|sinter|pig-iron|scrap|aggregates,grain,grain:description/nom MLG: céréalier/grains
cat-8263,94 m3 faces galbes,"A 3 trmies — Livre verte Transcrales, avec pi. Marquage S.H.G.T..",img/catalog/F_WP/CerealFG94G_TCVE_SHGT_R.gif,grain|flour|sugar|salt|coal|ore|gravel|sand|ballast|limestone|cement|clinker|coke|bauxite|fertilizer|potash|phosphate|kaolin|alumina|sinter|pig-iron|scrap|aggregates,grain,grain:description/nom MLG: céréalier/grains
cat-8264,94 m3 faces galbes,"A 3 trmies — Livre verte Transcrales, sans pi. Marquage S.H.G.T..",img/catalog/F_WP/CerealFG94G_TCV_SHGT_R.gif,grain|flour|sugar|salt|coal|ore|gravel|sand|ballast|limestone|cement|clinker|coke|bauxite|fertilizer|potash|phosphate|kaolin|alumina|sinter|pig-iron|scrap|aggregates,grain,grain:description/nom MLG: céréalier/grains
cat-8265,94 m3 faces galbes,"A 3 trmies — Livre verte Transcrales, sans pi. Marquage SICA.",img/catalog/F_WP/CerealFG94G_TCV_SICA_R.gif,grain|flour|sugar|salt|coal|ore|gravel|sand|ballast|limestone|cement|clinker|coke|bauxite|fertilizer|potash|phosphate|kaolin|alumina|sinter|pig-iron|scrap|aggregates,grain,grain:description/nom MLG: céréalier/grains
cat-8266,94 m3 faces galbes,"A 3 trmies — Livre verte Transcrales, avec pi. Marquage Sigma.",img/catalog/F_WP/CerealFG94G_TCVE_Sigma_R.gif,grain|flour|sugar|salt|coal|ore|gravel|sand|ballast|limestone|cement|clinker|coke|bauxite|fertilizer|potash|phosphate|kaolin|alumina|sinter|pig-iron|scrap|aggregates,grain,grain:description/nom MLG: céréalier/grains
cat-8267,94 m3 faces galbes,"A 3 trmies — Livre verte Transcrales, sans pi. Marquage Sigma.",img/catalog/F_WP/CerealFG94G_TCV_Sigma_R.gif,grain|flour|sugar|salt|coal|ore|gravel|sand|ballast|limestone|cement|clinker|coke|bauxite|fertilizer|potash|phosphate|kaolin|alumina|sinter|pig-iron|scrap|aggregates,grain,grain:description/nom MLG: céréalier/grains
cat-8268,94 m3 faces galbes,A 3 trmies — Marquages Unicopa.,img/catalog/F_WP/CerealesFG_Unicopa_R.gif,grain|flour|sugar|salt|coal|ore|gravel|sand|ballast|limestone|cement|clinker|coke|bauxite|fertilizer|potash|phosphate|kaolin|alumina|sinter|pig-iron|scrap|aggregates,grain,grain:description/nom MLG: céréalier/grains
cat-8269,94 m3 faces galbes,A 3 trmies — Livre Union cooprative de l'Argoat.,img/catalog/F_WP/CerealFG94G_UCA_R.gif,grain|flour|sugar|salt|coal|ore|gravel|sand|ballast|limestone|cement|clinker|coke|bauxite|fertilizer|potash|phosphate|kaolin|alumina|sinter|pig-iron|scrap|aggregates,grain,grain:description/nom MLG: céréalier/grains
cat-8270,94 m3 faces galbes,Craliers Fauvet Girel faces galbes 94 m3 — Marquages Breiz'Al.,img/catalog/F_WP/CerealFG94G8_Breizal_R.gif,grain|flour|sugar|salt|coal|ore|gravel|sand|ballast|limestone|cement|clinker|coke|bauxite|fertilizer|potash|phosphate|kaolin|alumina|sinter|pig-iron|scrap|aggregates,grain,grain:description/nom MLG: céréalier/grains
cat-8271,94 m3 faces galbes,Craliers Fauvet Girel faces galbes 94 m3 — Marquages Cooperl.,img/catalog/F_WP/CerealFG94G8_Cooperl_R.gif,grain|flour|sugar|salt|coal|ore|gravel|sand|ballast|limestone|cement|clinker|coke|bauxite|fertilizer|potash|phosphate|kaolin|alumina|sinter|pig-iron|scrap|aggregates,grain,grain:description/nom MLG: céréalier/grains
cat-8272,94 m3 faces galbes,Craliers Fauvet Girel faces galbes 94 m3 — Marquages Cooperl Axe Atlantique.,img/catalog/F_WP/CerealFG94G8_CooperlAA_R.gif,grain|flour|sugar|salt|coal|ore|gravel|sand|ballast|limestone|cement|clinker|coke|bauxite|fertilizer|potash|phosphate|kaolin|alumina|sinter|pig-iron|scrap|aggregates,grain,grain:description/nom MLG: céréalier/grains
cat-8273,94 m3 faces galbes,Craliers Fauvet Girel faces galbes 94 m3 — Marquages Guyomarc'h.,img/catalog/F_WP/CerealFG94G8_Guyomarch_R.gif,grain|flour|sugar|salt|coal|ore|gravel|sand|ballast|limestone|cement|clinker|coke|bauxite|fertilizer|potash|phosphate|kaolin|alumina|sinter|pig-iron|scrap|aggregates,grain,grain:description/nom MLG: céréalier/grains
cat-8274,94 m3 faces galbes,"Craliers Fauvet Girel faces galbes 94 m3 — Livre verte Transcrales, avec pi. Marquage CIWC.",img/catalog/F_WP/CerealFG94G8_TCVE_CIWC_R.gif,grain|flour|sugar|salt|coal|ore|gravel|sand|ballast|limestone|cement|clinker|coke|bauxite|fertilizer|potash|phosphate|kaolin|alumina|sinter|pig-iron|scrap|aggregates,grain,grain:description/nom MLG: céréalier/grains
cat-8275,94 m3 faces galbes,"Craliers Fauvet Girel faces galbes 94 m3 — Livre verte Transcrales, sans pi. Marquage Ermewa.",img/catalog/F_WP/CerealFG94G8_TCV_Ermewa_R.gif,grain|flour|sugar|salt|coal|ore|gravel|sand|ballast|limestone|cement|clinker|coke|bauxite|fertilizer|potash|phosphate|kaolin|alumina|sinter|pig-iron|scrap|aggregates,grain,grain:description/nom MLG: céréalier/grains
cat-8276,94 m3 faces galbes,Craliers Fauvet Girel faces galbes 94 m3 — Livre Union cooprative de l'Argoat.,img/catalog/F_WP/CerealFG94G8_UCA_R.gif,grain|flour|sugar|salt|coal|ore|gravel|sand|ballast|limestone|cement|clinker|coke|bauxite|fertilizer|potash|phosphate|kaolin|alumina|sinter|pig-iron|scrap|aggregates,grain,grain:description/nom MLG: céréalier/grains
cat-8277,94 m3 faces galbes,"A 4 trmies — Livre gris clair, sans indication d'appartenance.",img/catalog/F_WP/CerealFG94G4_R.gif,grain|flour|sugar|salt|coal|ore|gravel|sand|ballast|limestone|cement|clinker|coke|bauxite|fertilizer|potash|phosphate|kaolin|alumina|sinter|pig-iron|scrap|aggregates,grain,grain:description/nom MLG: céréalier/grains
cat-8278,94 m3 faces galbes,A 4 trmies — Marquages Groupe Soufflet.,img/catalog/F_WP/CerealFG94G4_Soufflet2_R.gif,grain|flour|sugar|salt|coal|ore|gravel|sand|ballast|limestone|cement|clinker|coke|bauxite|fertilizer|potash|phosphate|kaolin|alumina|sinter|pig-iron|scrap|aggregates,grain,grain:description/nom MLG: céréalier/grains
cat-8279,94 m3 faces galbes,A 4 trmies — Nouvelle livre Groupe Soufflet.,img/catalog/F_WP/CerealFG94G4_Soufflet3_R.gif,grain|flour|sugar|salt|coal|ore|gravel|sand|ballast|limestone|cement|clinker|coke|bauxite|fertilizer|potash|phosphate|kaolin|alumina|sinter|pig-iron|scrap|aggregates,grain,grain:description/nom MLG: céréalier/grains
cat-8280,94 m3 faces galbes,A 4 trmies — Marquages TMF CITA.,img/catalog/F_WP/CerealFG94G4_TMFCITA_R.gif,grain|flour|sugar|salt|coal|ore|gravel|sand|ballast|limestone|cement|clinker|coke|bauxite|fertilizer|potash|phosphate|kaolin|alumina|sinter|pig-iron|scrap|aggregates,grain,grain:description/nom MLG: céréalier/grains
cat-8281,94 m3 faces galbes,"A 4 trmies — Livre Transcrales Algeco (premire version : chassis clair, marquages rouges).",img/catalog/F_WP/CerealFG94G4_TC_Algeco_R.gif,grain|flour|sugar|salt|coal|ore|gravel|sand|ballast|limestone|cement|clinker|coke|bauxite|fertilizer|potash|phosphate|kaolin|alumina|sinter|pig-iron|scrap|aggregates,grain,grain:description/nom MLG: céréalier/grains
cat-8282,94 m3 faces galbes,A 4 trmies — Livre Transcrales CTC (premire version).,img/catalog/F_WP/CerealFG94G4_TC_CTC_R.gif,grain|flour|sugar|salt|coal|ore|gravel|sand|ballast|limestone|cement|clinker|coke|bauxite|fertilizer|potash|phosphate|kaolin|alumina|sinter|pig-iron|scrap|aggregates,grain,grain:description/nom MLG: céréalier/grains
cat-8283,94 m3 faces galbes,"A 4 trmies — Deuxime version de livre Transcrales (chassis noir, marquages verts), avec pi.",img/catalog/F_WP/CerealFG94G4_TCVE_R.gif,grain|flour|sugar|salt|coal|ore|gravel|sand|ballast|limestone|cement|clinker|coke|bauxite|fertilizer|potash|phosphate|kaolin|alumina|sinter|pig-iron|scrap|aggregates,grain,grain:description/nom MLG: céréalier/grains
cat-8284,94 m3 faces galbes,"A 4 trmies — Deuxime version de livre Transcrales, sans pi.",img/catalog/F_WP/CerealFG94G4_TCV_R.gif,grain|flour|sugar|salt|coal|ore|gravel|sand|ballast|limestone|cement|clinker|coke|bauxite|fertilizer|potash|phosphate|kaolin|alumina|sinter|pig-iron|scrap|aggregates,grain,grain:description/nom MLG: céréalier/grains
cat-8285,94 m3 faces galbes,"A 4 trmies — Troisime version de livre Transcrales (chassis clair, marquages verts).",img/catalog/F_WP/CerealFG94G4_TCV2_R.gif,grain|flour|sugar|salt|coal|ore|gravel|sand|ballast|limestone|cement|clinker|coke|bauxite|fertilizer|potash|phosphate|kaolin|alumina|sinter|pig-iron|scrap|aggregates,grain,grain:description/nom MLG: céréalier/grains
cat-8286,94 m3 faces galbes,A 4 trmies — Troisime version de livre Transcrales avec logo CTC.,img/catalog/F_WP/CerealFG94G4_TCV2_R.gif,grain|flour|sugar|salt|coal|ore|gravel|sand|ballast|limestone|cement|clinker|coke|bauxite|fertilizer|potash|phosphate|kaolin|alumina|sinter|pig-iron|scrap|aggregates,grain,grain:description/nom MLG: céréalier/grains
cat-8287,94 m3 faces galbes,A 4 trmies — Troisime version de livre Transcrales avec logo Algeco.,img/catalog/F_WP/CerealFG94G4_TCV2_R.gif,grain|flour|sugar|salt|coal|ore|gravel|sand|ballast|limestone|cement|clinker|coke|bauxite|fertilizer|potash|phosphate|kaolin|alumina|sinter|pig-iron|scrap|aggregates,grain,grain:description/nom MLG: céréalier/grains
cat-8288,132 m3,132 m3 — Marquages Transcrales CMT.,img/catalog/F_WP/CerealFG132_TC_CMT_R.gif,grain|flour|sugar|salt|coal|ore|gravel|sand|ballast|limestone|cement|clinker|coke|bauxite|fertilizer|potash|phosphate|kaolin|alumina|sinter|pig-iron|scrap|aggregates,grain,grain:description/nom MLG: céréalier/grains
cat-8289,132 m3,132 m3 — Marquages Transcrales CTC.,img/catalog/F_WP/CerealFG132_TC_CTC_R.gif,grain|flour|sugar|salt|coal|ore|gravel|sand|ballast|limestone|cement|clinker|coke|bauxite|fertilizer|potash|phosphate|kaolin|alumina|sinter|pig-iron|scrap|aggregates,grain,grain:description/nom MLG: céréalier/grains
cat-8290,132 m3,132 m3 — Marquages Transcrales Ermewa.,img/catalog/F_WP/CerealFG132_TC_Ermewa_R.gif,grain|flour|sugar|salt|coal|ore|gravel|sand|ballast|limestone|cement|clinker|coke|bauxite|fertilizer|potash|phosphate|kaolin|alumina|sinter|pig-iron|scrap|aggregates,grain,grain:description/nom MLG: céréalier/grains
cat-8291,132 m3,132 m3 — Marquages Transcrales SHGT.,img/catalog/F_WP/CerealFG132_TC_SHGT_R.gif,grain|flour|sugar|salt|coal|ore|gravel|sand|ballast|limestone|cement|clinker|coke|bauxite|fertilizer|potash|phosphate|kaolin|alumina|sinter|pig-iron|scrap|aggregates,grain,grain:description/nom MLG: céréalier/grains
cat-8292,132 m3,132 m3 — Marquages Transcrales UNCAC.,img/catalog/F_WP/CerealFG132_TC_UNCAC_R.gif,grain|flour|sugar|salt|coal|ore|gravel|sand|ballast|limestone|cement|clinker|coke|bauxite|fertilizer|potash|phosphate|kaolin|alumina|sinter|pig-iron|scrap|aggregates,grain,grain:description/nom MLG: céréalier/grains
cat-8293,132 m3,"132 m3 — Deuxime version de livre Transcrales, sans pi. Marquages CTC.",img/catalog/F_WP/CerealFG132_TCV2_CTC_R.gif,grain|flour|sugar|salt|coal|ore|gravel|sand|ballast|limestone|cement|clinker|coke|bauxite|fertilizer|potash|phosphate|kaolin|alumina|sinter|pig-iron|scrap|aggregates,grain,grain:description/nom MLG: céréalier/grains
cat-8294,102 m3,102 m3 — Marquages TMF CITA.,img/catalog/F_WP/CerealFG102_TMFCITA_R.gif,grain|flour|sugar|salt|coal|ore|gravel|sand|ballast|limestone|cement|clinker|coke|bauxite|fertilizer|potash|phosphate|kaolin|alumina|sinter|pig-iron|scrap|aggregates,grain,grain:description/nom MLG: céréalier/grains
cat-8295,101 m3,Craliers AFR 101 m3 — Avec toit basculant et bogies AFR. Nouvelle livre sombre Transcrales.,img/catalog/F_WP/CerealAFR101T_TC_R.gif,grain|flour|sugar|salt|coal|ore|gravel|sand|ballast|limestone|cement|clinker|coke|bauxite|fertilizer|potash|phosphate|kaolin|alumina|sinter|pig-iron|scrap|aggregates,grain,grain:description/nom MLG: céréalier/grains
cat-8296,95 m3 faces planes,95 m3 faces planes — Livre grise neutre.,img/catalog/F_WP/CerealFG95PTM_R.gif,grain|flour|sugar|salt|coal|ore|gravel|sand|ballast|limestone|cement|clinker|coke|bauxite|fertilizer|potash|phosphate|kaolin|alumina|sinter|pig-iron|scrap|aggregates,grain,grain:description/nom MLG: céréalier/grains
cat-8297,95 m3 faces planes,95 m3 faces planes — Livre Granit.,img/catalog/F_WP/CerealFG95PTM_Granit_R.gif,grain|flour|sugar|salt|coal|ore|gravel|sand|ballast|limestone|cement|clinker|coke|bauxite|fertilizer|potash|phosphate|kaolin|alumina|sinter|pig-iron|scrap|aggregates,grain,grain:description/nom MLG: céréalier/grains
cat-8298,90 m3,90 m3 — Marquages TMF CITA.,img/catalog/F_WP/CerealFGTM90_TMFCITA_R.gif,grain|flour|sugar|salt|coal|ore|gravel|sand|ballast|limestone|cement|clinker|coke|bauxite|fertilizer|potash|phosphate|kaolin|alumina|sinter|pig-iron|scrap|aggregates,grain,grain:description/nom MLG: céréalier/grains
cat-8299,92 m3,92 m3 — Livre Granit.,img/catalog/F_WP/CerealFGTM92_Granit_R.gif,grain|flour|sugar|salt|coal|ore|gravel|sand|ballast|limestone|cement|clinker|coke|bauxite|fertilizer|potash|phosphate|kaolin|alumina|sinter|pig-iron|scrap|aggregates,grain,grain:description/nom MLG: céréalier/grains
cat-8300,92 m3,"92 m3 — Deuxime version de livre Transcrales (chassis noir, marquages verts), avec pi.",img/catalog/F_WP/CerealFGTM92_TCVE_R.gif,grain|flour|sugar|salt|coal|ore|gravel|sand|ballast|limestone|cement|clinker|coke|bauxite|fertilizer|potash|phosphate|kaolin|alumina|sinter|pig-iron|scrap|aggregates,grain,grain:description/nom MLG: céréalier/grains
cat-8301,92 m3,"92 m3 — Deuxime version de livre Transcrales avec pi, logo Ermewa.",img/catalog/F_WP/CerealFGTM92_TCVE_Ermewa_R.gif,grain|flour|sugar|salt|coal|ore|gravel|sand|ballast|limestone|cement|clinker|coke|bauxite|fertilizer|potash|phosphate|kaolin|alumina|sinter|pig-iron|scrap|aggregates,grain,grain:description/nom MLG: céréalier/grains
cat-8302,92 m3,"92 m3 — Deuxime version de livre Transcrales sans pi, logo Ermewa.",img/catalog/F_WP/CerealFGTM92_TCV_Ermewa_R.gif,grain|flour|sugar|salt|coal|ore|gravel|sand|ballast|limestone|cement|clinker|coke|bauxite|fertilizer|potash|phosphate|kaolin|alumina|sinter|pig-iron|scrap|aggregates,grain,grain:description/nom MLG: céréalier/grains
cat-8303,92 m3,"92 m3 — Troisime version de livre Transcrales (chassis clair, marquages verts), logo Ermewa.",img/catalog/F_WP/CerealFGTM92_TCV2_Ermewa_R.gif,grain|flour|sugar|salt|coal|ore|gravel|sand|ballast|limestone|cement|clinker|coke|bauxite|fertilizer|potash|phosphate|kaolin|alumina|sinter|pig-iron|scrap|aggregates,grain,grain:description/nom MLG: céréalier/grains
cat-8304,Us,Us — Driv des T60 de la SNCF. Livre rouge wagon avezc logo Transcrales.,img/catalog/F_WP/Transcereales_Us_R.gif,grain|flour|sugar|salt|coal|ore|gravel|sand|ballast|limestone|cement|clinker|coke|bauxite|fertilizer|potash|phosphate|kaolin|alumina|sinter|pig-iron|scrap|aggregates,grain,grain:description/nom MLG: céréalier/grains
cat-8305,Std D SNCF,Standard D SNCF — Marquages Transcrales.,img/catalog/F_WP/Cereal2E_Std_TC.gif,grain|flour|sugar|salt|coal|ore|gravel|sand|ballast|limestone|cement|clinker|coke|bauxite|fertilizer|potash|phosphate|kaolin|alumina|sinter|pig-iron|scrap|aggregates,grain,grain:description/nom MLG: céréalier/grains
cat-8306,Frangeco 1er type,Premier type — Livre CTC.,img/catalog/F_WP/Cereal2EFrangB_CTC_E3_R.gif,grain|flour|sugar|salt|coal|ore|gravel|sand|ballast|limestone|cement|clinker|coke|bauxite|fertilizer|potash|phosphate|kaolin|alumina|sinter|pig-iron|scrap|aggregates,grain,grain:description/nom MLG: céréalier/grains
cat-8307,Frangeco 1er type,Premier type — Marquages Transcrales CTC.,img/catalog/F_WP/Cereal2EFrangB_TC_CTC_R.gif,grain|flour|sugar|salt|coal|ore|gravel|sand|ballast|limestone|cement|clinker|coke|bauxite|fertilizer|potash|phosphate|kaolin|alumina|sinter|pig-iron|scrap|aggregates,grain,grain:description/nom MLG: céréalier/grains
cat-8308,Frangeco 2me type,Deuxime type — Livre CTC.,img/catalog/F_WP/Cereal2EFrangC_CTC_E3_R.gif,grain|flour|sugar|salt|coal|ore|gravel|sand|ballast|limestone|cement|clinker|coke|bauxite|fertilizer|potash|phosphate|kaolin|alumina|sinter|pig-iron|scrap|aggregates,grain,grain:description/nom MLG: céréalier/grains
cat-8309,Frangeco 3me type,Troisime type — Livre CTC.,img/catalog/F_WP/Cereal2EFrangD_CTC_R.gif,grain|flour|sugar|salt|coal|ore|gravel|sand|ballast|limestone|cement|clinker|coke|bauxite|fertilizer|potash|phosphate|kaolin|alumina|sinter|pig-iron|scrap|aggregates,grain,grain:description/nom MLG: céréalier/grains
cat-8310,Frangeco 3me type,Troisime type — Marquages Transcrales CTC.,img/catalog/F_WP/Cereal2EFrangD_TC_CTC_R.gif,grain|flour|sugar|salt|coal|ore|gravel|sand|ballast|limestone|cement|clinker|coke|bauxite|fertilizer|potash|phosphate|kaolin|alumina|sinter|pig-iron|scrap|aggregates,grain,grain:description/nom MLG: céréalier/grains
cat-8311,Frangeco 3me type,Troisime type — Marquages Transcrales Sofidic.,img/catalog/F_WP/Cereal2EFrangD_TC_Sofidic_R.gif,grain|flour|sugar|salt|coal|ore|gravel|sand|ballast|limestone|cement|clinker|coke|bauxite|fertilizer|potash|phosphate|kaolin|alumina|sinter|pig-iron|scrap|aggregates,grain,grain:description/nom MLG: céréalier/grains
cat-8312,43m3,43m3 — Sans identification de propritaire.,img/catalog/F_WP/Cereal2E43_G_R.gif,grain|flour|sugar|salt|coal|ore|gravel|sand|ballast|limestone|cement|clinker|coke|bauxite|fertilizer|potash|phosphate|kaolin|alumina|sinter|pig-iron|scrap|aggregates,grain,grain:description/nom MLG: céréalier/grains
cat-8313,43m3,43m3 — Livre CTC.,img/catalog/F_WP/Cereal2E43_CTC_E3_R.gif,grain|flour|sugar|salt|coal|ore|gravel|sand|ballast|limestone|cement|clinker|coke|bauxite|fertilizer|potash|phosphate|kaolin|alumina|sinter|pig-iron|scrap|aggregates,grain,grain:description/nom MLG: céréalier/grains
cat-8314,43m3,43m3 — Livre brune Ermewa (sans logo).,img/catalog/F_WP/Cereal2E43_Ermewa_R.gif,grain|flour|sugar|salt|coal|ore|gravel|sand|ballast|limestone|cement|clinker|coke|bauxite|fertilizer|potash|phosphate|kaolin|alumina|sinter|pig-iron|scrap|aggregates,grain,grain:description/nom MLG: céréalier/grains
cat-8315,43m3,43m3 — Marquages Grandes Minoteries Dijonnaises.,img/catalog/F_WP/Cereal2E43_GMD_R.gif,grain|flour|sugar|salt|coal|ore|gravel|sand|ballast|limestone|cement|clinker|coke|bauxite|fertilizer|potash|phosphate|kaolin|alumina|sinter|pig-iron|scrap|aggregates,grain,grain:description/nom MLG: céréalier/grains
cat-8316,43m3,43m3 — Marquages Michel Blanc.,img/catalog/F_WP/Cereal2E43_MBlanc_R.gif,grain|flour|sugar|salt|coal|ore|gravel|sand|ballast|limestone|cement|clinker|coke|bauxite|fertilizer|potash|phosphate|kaolin|alumina|sinter|pig-iron|scrap|aggregates,grain,grain:description/nom MLG: céréalier/grains
cat-8317,43m3,43m3 — Livre Monfer.,img/catalog/F_WP/Cereal2E43_Monfer_R.gif,grain|flour|sugar|salt|coal|ore|gravel|sand|ballast|limestone|cement|clinker|coke|bauxite|fertilizer|potash|phosphate|kaolin|alumina|sinter|pig-iron|scrap|aggregates,grain,grain:description/nom MLG: céréalier/grains
cat-8318,43m3,43m3 — Livre SANDERS initiale.,img/catalog/F_WP/Cereal2E43_Sanders1_E3_R.gif,grain|flour|sugar|salt|coal|ore|gravel|sand|ballast|limestone|cement|clinker|coke|bauxite|fertilizer|potash|phosphate|kaolin|alumina|sinter|pig-iron|scrap|aggregates,grain,grain:description/nom MLG: céréalier/grains
cat-8319,43m3,"43m3 — Livre SANDERS initiale, marquages UIC.",img/catalog/F_WP/Cereal2E43_Sanders1_R.gif,grain|flour|sugar|salt|coal|ore|gravel|sand|ballast|limestone|cement|clinker|coke|bauxite|fertilizer|potash|phosphate|kaolin|alumina|sinter|pig-iron|scrap|aggregates,grain,grain:description/nom MLG: céréalier/grains
cat-8320,43m3,43m3 — Livre SANDERS.,img/catalog/F_WP/Cereal2E43_Sanders_R.gif,grain|flour|sugar|salt|coal|ore|gravel|sand|ballast|limestone|cement|clinker|coke|bauxite|fertilizer|potash|phosphate|kaolin|alumina|sinter|pig-iron|scrap|aggregates,grain,grain:description/nom MLG: céréalier/grains
cat-8321,43m3,43m3 — Ancienne livre des Grands Moulins Storione.,img/catalog/F_WP/Cereal2E43_Storione1_R.gif,grain|flour|sugar|salt|coal|ore|gravel|sand|ballast|limestone|cement|clinker|coke|bauxite|fertilizer|potash|phosphate|kaolin|alumina|sinter|pig-iron|scrap|aggregates,grain,grain:description/nom MLG: céréalier/grains
cat-8322,43m3,43m3 — Dernire livre des Grands Moulins Storione.,img/catalog/F_WP/Cereal2E43_Storione2_R.gif,grain|flour|sugar|salt|coal|ore|gravel|sand|ballast|limestone|cement|clinker|coke|bauxite|fertilizer|potash|phosphate|kaolin|alumina|sinter|pig-iron|scrap|aggregates,grain,grain:description/nom MLG: céréalier/grains
cat-8323,43m3,43m3 — Marquages Transcrales CTC.,img/catalog/F_WP/Cereal2E43_TC_CTC_R.gif,grain|flour|sugar|salt|coal|ore|gravel|sand|ballast|limestone|cement|clinker|coke|bauxite|fertilizer|potash|phosphate|kaolin|alumina|sinter|pig-iron|scrap|aggregates,grain,grain:description/nom MLG: céréalier/grains
cat-8324,43m3,43m3 — Marquages Transcrales SLEMI.,img/catalog/F_WP/Cereal2E43_TC_SLEMI_R.gif,grain|flour|sugar|salt|coal|ore|gravel|sand|ballast|limestone|cement|clinker|coke|bauxite|fertilizer|potash|phosphate|kaolin|alumina|sinter|pig-iron|scrap|aggregates,grain,grain:description/nom MLG: céréalier/grains
cat-8325,43m3,43m3 — Marquages Transcrales UNCAC.,img/catalog/F_WP/Cereal2E43_TC_UNCAC_R.gif,grain|flour|sugar|salt|coal|ore|gravel|sand|ballast|limestone|cement|clinker|coke|bauxite|fertilizer|potash|phosphate|kaolin|alumina|sinter|pig-iron|scrap|aggregates,grain,grain:description/nom MLG: céréalier/grains
cat-8326,45m3,45m3 — Marquages Grandes Minoteries Dijonnaises.,img/catalog/F_WP/Cereal2E45_GMD_R.gif,grain|flour|sugar|salt|coal|ore|gravel|sand|ballast|limestone|cement|clinker|coke|bauxite|fertilizer|potash|phosphate|kaolin|alumina|sinter|pig-iron|scrap|aggregates,grain,grain:description/nom MLG: céréalier/grains
cat-8327,45m3,45m3 — Marquages CTC.,img/catalog/F_WP/Cereal2E45_CTC_R.gif,grain|flour|sugar|salt|coal|ore|gravel|sand|ballast|limestone|cement|clinker|coke|bauxite|fertilizer|potash|phosphate|kaolin|alumina|sinter|pig-iron|scrap|aggregates,grain,grain:description/nom MLG: céréalier/grains
cat-8328,45m3,45m3 — Renforts supplmentaires. Marquages Transcrales CTC.,img/catalog/F_WP/Cereal2E45_TC_CTC_R.gif,grain|flour|sugar|salt|coal|ore|gravel|sand|ballast|limestone|cement|clinker|coke|bauxite|fertilizer|potash|phosphate|kaolin|alumina|sinter|pig-iron|scrap|aggregates,grain,grain:description/nom MLG: céréalier/grains
cat-8329,47m3,47m3 — Marquages Algeco.,img/catalog/F_WP/Cereal2E47FG_Algeco_E3.gif,grain|flour|sugar|salt|coal|ore|gravel|sand|ballast|limestone|cement|clinker|coke|bauxite|fertilizer|potash|phosphate|kaolin|alumina|sinter|pig-iron|scrap|aggregates,grain,grain:description/nom MLG: céréalier/grains
cat-8330,47m3,47m3 — Marquages Transcrales Algeco.,img/catalog/F_WP/Cereal2E47FG_TC_Algeco.gif,grain|flour|sugar|salt|coal|ore|gravel|sand|ballast|limestone|cement|clinker|coke|bauxite|fertilizer|potash|phosphate|kaolin|alumina|sinter|pig-iron|scrap|aggregates,grain,grain:description/nom MLG: céréalier/grains
cat-8331,47m3,47m3 — Marquages Transcrales SHGT.,img/catalog/F_WP/Cereal2E47FG_TC_SHGT.gif,grain|flour|sugar|salt|coal|ore|gravel|sand|ballast|limestone|cement|clinker|coke|bauxite|fertilizer|potash|phosphate|kaolin|alumina|sinter|pig-iron|scrap|aggregates,grain,grain:description/nom MLG: céréalier/grains
cat-8332,48m3,48m3 — Marquages Cooprative Agricole de Pithiviers.,img/catalog/F_WP/Cereal2E48_CAP_R.gif,grain|flour|sugar|salt|coal|ore|gravel|sand|ballast|limestone|cement|clinker|coke|bauxite|fertilizer|potash|phosphate|kaolin|alumina|sinter|pig-iron|scrap|aggregates,grain,grain:description/nom MLG: céréalier/grains
cat-8333,48m3,48m3 — Livre brune Ermewa (sans logo).,img/catalog/F_WP/Cereal2E48_Ermewa_R.gif,grain|flour|sugar|salt|coal|ore|gravel|sand|ballast|limestone|cement|clinker|coke|bauxite|fertilizer|potash|phosphate|kaolin|alumina|sinter|pig-iron|scrap|aggregates,grain,grain:description/nom MLG: céréalier/grains
cat-8334,48m3,48m3 — Marquages Michel Blanc.,img/catalog/F_WP/Cereal2E48_MBlanc_R.gif,grain|flour|sugar|salt|coal|ore|gravel|sand|ballast|limestone|cement|clinker|coke|bauxite|fertilizer|potash|phosphate|kaolin|alumina|sinter|pig-iron|scrap|aggregates,grain,grain:description/nom MLG: céréalier/grains
cat-8335,48m3,48m3 — Livre Monfer.,img/catalog/F_WP/Cereal2E48_Monfer_R.gif,grain|flour|sugar|salt|coal|ore|gravel|sand|ballast|limestone|cement|clinker|coke|bauxite|fertilizer|potash|phosphate|kaolin|alumina|sinter|pig-iron|scrap|aggregates,grain,grain:description/nom MLG: céréalier/grains
cat-8336,48m3,48m3 — Livre SANDERS.,img/catalog/F_WP/Cereal2E48_Sanders_R.gif,grain|flour|sugar|salt|coal|ore|gravel|sand|ballast|limestone|cement|clinker|coke|bauxite|fertilizer|potash|phosphate|kaolin|alumina|sinter|pig-iron|scrap|aggregates,grain,grain:description/nom MLG: céréalier/grains
cat-8337,48m3,48m3 — Marquages Transcrales CTC.,img/catalog/F_WP/Cereal2E48_TC_CTC_R.gif,grain|flour|sugar|salt|coal|ore|gravel|sand|ballast|limestone|cement|clinker|coke|bauxite|fertilizer|potash|phosphate|kaolin|alumina|sinter|pig-iron|scrap|aggregates,grain,grain:description/nom MLG: céréalier/grains
cat-8338,48m3,48m3 — Livre Union Cooprative de l'Argoat.,img/catalog/F_WP/Cereal2E48_UCA_R.gif,grain|flour|sugar|salt|coal|ore|gravel|sand|ballast|limestone|cement|clinker|coke|bauxite|fertilizer|potash|phosphate|kaolin|alumina|sinter|pig-iron|scrap|aggregates,grain,grain:description/nom MLG: céréalier/grains
cat-8339,50m3,Cadoux 50m3 — Sans identification de propritaire.,img/catalog/F_WP/Cereal2E50a_G_R.gif,grain|flour|sugar|salt|coal|ore|gravel|sand|ballast|limestone|cement|clinker|coke|bauxite|fertilizer|potash|phosphate|kaolin|alumina|sinter|pig-iron|scrap|aggregates,grain,grain:description/nom MLG: céréalier/grains
cat-8340,50m3,Cadoux 50m3 — Livre brune Ermewa (sans logo).,img/catalog/F_WP/Cereal2E50a_Ermewa_R.gif,grain|flour|sugar|salt|coal|ore|gravel|sand|ballast|limestone|cement|clinker|coke|bauxite|fertilizer|potash|phosphate|kaolin|alumina|sinter|pig-iron|scrap|aggregates,grain,grain:description/nom MLG: céréalier/grains
cat-8341,50m3,Cadoux 50m3 — Marquage Minoterie Clchet.,img/catalog/F_WP/Cereal2E50a_Clechet_E3_R.gif,grain|flour|sugar|salt|coal|ore|gravel|sand|ballast|limestone|cement|clinker|coke|bauxite|fertilizer|potash|phosphate|kaolin|alumina|sinter|pig-iron|scrap|aggregates,grain,grain:description/nom MLG: céréalier/grains
cat-8342,50m3,Cadoux 50m3 — Marquage Grands Moulins Maurel.,img/catalog/F_WP/Cereal2E50a_GMM_R.gif,grain|flour|sugar|salt|coal|ore|gravel|sand|ballast|limestone|cement|clinker|coke|bauxite|fertilizer|potash|phosphate|kaolin|alumina|sinter|pig-iron|scrap|aggregates,grain,grain:description/nom MLG: céréalier/grains
cat-8343,50m3,Cadoux 50m3 — Marquage Malteries Franco-Suisses.,img/catalog/F_WP/Cereal2E50a_MFS_R.gif,grain|flour|sugar|salt|coal|ore|gravel|sand|ballast|limestone|cement|clinker|coke|bauxite|fertilizer|potash|phosphate|kaolin|alumina|sinter|pig-iron|scrap|aggregates,grain,grain:description/nom MLG: céréalier/grains
cat-8344,50m3,Cadoux 50m3 — Livre Monfer.,img/catalog/F_WP/Cereal2E50a_Monfer_R.gif,grain|flour|sugar|salt|coal|ore|gravel|sand|ballast|limestone|cement|clinker|coke|bauxite|fertilizer|potash|phosphate|kaolin|alumina|sinter|pig-iron|scrap|aggregates,grain,grain:description/nom MLG: céréalier/grains
cat-8345,50m3,Cadoux 50m3 — Livre SANDERS.,img/catalog/F_WP/Cereal2E50a_Sanders_R.gif,grain|flour|sugar|salt|coal|ore|gravel|sand|ballast|limestone|cement|clinker|coke|bauxite|fertilizer|potash|phosphate|kaolin|alumina|sinter|pig-iron|scrap|aggregates,grain,grain:description/nom MLG: céréalier/grains
cat-8346,50m3,Cadoux 50m3 — Ancienne livre des Grands Moulins Storione.,img/catalog/F_WP/Cereal2E50a_Storione1_R.gif,grain|flour|sugar|salt|coal|ore|gravel|sand|ballast|limestone|cement|clinker|coke|bauxite|fertilizer|potash|phosphate|kaolin|alumina|sinter|pig-iron|scrap|aggregates,grain,grain:description/nom MLG: céréalier/grains
cat-8347,50m3,Cadoux 50m3 — Dernire livre des Grands Moulins Storione.,img/catalog/F_WP/CerealCadoux50_Storione2_R.gif,grain|flour|sugar|salt|coal|ore|gravel|sand|ballast|limestone|cement|clinker|coke|bauxite|fertilizer|potash|phosphate|kaolin|alumina|sinter|pig-iron|scrap|aggregates,grain,grain:description/nom MLG: céréalier/grains
cat-8348,50m3,Cadoux 50m3 — Marquages Transcrales COTRAM.,img/catalog/F_WP/Cereal2E50a_TC_COTRAM_R.gif,grain|flour|sugar|salt|coal|ore|gravel|sand|ballast|limestone|cement|clinker|coke|bauxite|fertilizer|potash|phosphate|kaolin|alumina|sinter|pig-iron|scrap|aggregates,grain,grain:description/nom MLG: céréalier/grains
cat-8349,50m3,Cadoux 50m3 — Marquages Transcrales CTC.,img/catalog/F_WP/Cereal2E50a_TC_CTC_R.gif,grain|flour|sugar|salt|coal|ore|gravel|sand|ballast|limestone|cement|clinker|coke|bauxite|fertilizer|potash|phosphate|kaolin|alumina|sinter|pig-iron|scrap|aggregates,grain,grain:description/nom MLG: céréalier/grains
cat-8350,50m3,Cadoux 50m3 — Marquages Transcrales MRO.,img/catalog/F_WP/Cereal2E50a_TC_MRO_R.gif,grain|flour|sugar|salt|coal|ore|gravel|sand|ballast|limestone|cement|clinker|coke|bauxite|fertilizer|potash|phosphate|kaolin|alumina|sinter|pig-iron|scrap|aggregates,grain,grain:description/nom MLG: céréalier/grains
cat-8351,50m3,Cadoux 50m3 — Marquages Transcrales SICA La Rochelle - Palice.,img/catalog/F_WP/Cereal2E50a_TC_SICALRP_R.gif,grain|flour|sugar|salt|coal|ore|gravel|sand|ballast|limestone|cement|clinker|coke|bauxite|fertilizer|potash|phosphate|kaolin|alumina|sinter|pig-iron|scrap|aggregates,grain,grain:description/nom MLG: céréalier/grains
cat-8352,50m3,Cadoux 50m3 — Marquages Transcrales STEMI.,img/catalog/F_WP/Cereal2E50a_TC_STEMI_R.gif,grain|flour|sugar|salt|coal|ore|gravel|sand|ballast|limestone|cement|clinker|coke|bauxite|fertilizer|potash|phosphate|kaolin|alumina|sinter|pig-iron|scrap|aggregates,grain,grain:description/nom MLG: céréalier/grains
cat-8353,50m3,Cadoux 50m3 — Marquages Transcrales UNCAC.,img/catalog/F_WP/Cereal2E50a_TC_UNCAC_R.gif,grain|flour|sugar|salt|coal|ore|gravel|sand|ballast|limestone|cement|clinker|coke|bauxite|fertilizer|potash|phosphate|kaolin|alumina|sinter|pig-iron|scrap|aggregates,grain,grain:description/nom MLG: céréalier/grains
cat-8354,50m3,50m3 — Marquage Cooprative Agricole d'Ancenis LA CANA.,img/catalog/F_WP/Cereal2E50b_CANA_R.gif,grain|flour|sugar|salt|coal|ore|gravel|sand|ballast|limestone|cement|clinker|coke|bauxite|fertilizer|potash|phosphate|kaolin|alumina|sinter|pig-iron|scrap|aggregates,grain,grain:description/nom MLG: céréalier/grains
cat-8355,50m3,50m3 — Livre brune Ermewa (sans logo).,img/catalog/F_WP/Cereal2E50b_Ermewa_R.gif,grain|flour|sugar|salt|coal|ore|gravel|sand|ballast|limestone|cement|clinker|coke|bauxite|fertilizer|potash|phosphate|kaolin|alumina|sinter|pig-iron|scrap|aggregates,grain,grain:description/nom MLG: céréalier/grains
cat-8356,50m3,50m3 — Livre des Grands Moulins de Bourgouin.,img/catalog/F_WP/Cereal2E50b_GMB_R.gif,grain|flour|sugar|salt|coal|ore|gravel|sand|ballast|limestone|cement|clinker|coke|bauxite|fertilizer|potash|phosphate|kaolin|alumina|sinter|pig-iron|scrap|aggregates,grain,grain:description/nom MLG: céréalier/grains
cat-8357,50m3,50m3 — Marquage Grands Moulins Maurel.,img/catalog/F_WP/Cereal2E50b_GMM_R.gif,grain|flour|sugar|salt|coal|ore|gravel|sand|ballast|limestone|cement|clinker|coke|bauxite|fertilizer|potash|phosphate|kaolin|alumina|sinter|pig-iron|scrap|aggregates,grain,grain:description/nom MLG: céréalier/grains
cat-8358,50m3,50m3 — Livre Guyomarc'h.,img/catalog/F_WP/Cereal2E50b_Guyomarch_R.gif,grain|flour|sugar|salt|coal|ore|gravel|sand|ballast|limestone|cement|clinker|coke|bauxite|fertilizer|potash|phosphate|kaolin|alumina|sinter|pig-iron|scrap|aggregates,grain,grain:description/nom MLG: céréalier/grains
cat-8359,50m3,50m3 — Marquage Minoterie J. Giral.,img/catalog/F_WP/Cereal2E50b_MJG_R.gif,grain|flour|sugar|salt|coal|ore|gravel|sand|ballast|limestone|cement|clinker|coke|bauxite|fertilizer|potash|phosphate|kaolin|alumina|sinter|pig-iron|scrap|aggregates,grain,grain:description/nom MLG: céréalier/grains
cat-8360,50m3,50m3 — Livre SANDERS initiale.,img/catalog/F_WP/Cereal2E50b_Sanders1_R.gif,grain|flour|sugar|salt|coal|ore|gravel|sand|ballast|limestone|cement|clinker|coke|bauxite|fertilizer|potash|phosphate|kaolin|alumina|sinter|pig-iron|scrap|aggregates,grain,grain:description/nom MLG: céréalier/grains
cat-8361,50m3,50m3 — Livre SANDERS.,img/catalog/F_WP/Cereal2E50b_Sanders_R.gif,grain|flour|sugar|salt|coal|ore|gravel|sand|ballast|limestone|cement|clinker|coke|bauxite|fertilizer|potash|phosphate|kaolin|alumina|sinter|pig-iron|scrap|aggregates,grain,grain:description/nom MLG: céréalier/grains
cat-8362,50m3,50m3 — Ancienne livre Soufflet.,img/catalog/F_WP/Cereal2E50b_Soufflet1_R.gif,grain|flour|sugar|salt|coal|ore|gravel|sand|ballast|limestone|cement|clinker|coke|bauxite|fertilizer|potash|phosphate|kaolin|alumina|sinter|pig-iron|scrap|aggregates,grain,grain:description/nom MLG: céréalier/grains
cat-8363,50m3,50m3 — Deuxime livre Soufflet (simplifie).,img/catalog/F_WP/Cereal2E50b_Soufflet2_R.gif,grain|flour|sugar|salt|coal|ore|gravel|sand|ballast|limestone|cement|clinker|coke|bauxite|fertilizer|potash|phosphate|kaolin|alumina|sinter|pig-iron|scrap|aggregates,grain,grain:description/nom MLG: céréalier/grains
cat-8364,50m3,50m3 — Marquages Transcrales CTC.,img/catalog/F_WP/Cereal2E50b_TC_CTC_R.gif,grain|flour|sugar|salt|coal|ore|gravel|sand|ballast|limestone|cement|clinker|coke|bauxite|fertilizer|potash|phosphate|kaolin|alumina|sinter|pig-iron|scrap|aggregates,grain,grain:description/nom MLG: céréalier/grains
cat-8365,50m3,50m3 — Marquages Transcrales Esmery-Caron.,img/catalog/F_WP/Cereal2E50b_TC_Esmery_R.gif,grain|flour|sugar|salt|coal|ore|gravel|sand|ballast|limestone|cement|clinker|coke|bauxite|fertilizer|potash|phosphate|kaolin|alumina|sinter|pig-iron|scrap|aggregates,grain,grain:description/nom MLG: céréalier/grains
cat-8367,B. Richard  4 trmies,Modles B. Richard  4 trmies — Marquage Transcrales UNCAC.,img/catalog/F_WP/Cereal2E1_TC_UNCAC_R.gif,grain|flour|sugar|salt|coal|ore|gravel|sand|ballast|limestone|cement|clinker|coke|bauxite|fertilizer|potash|phosphate|kaolin|alumina|sinter|pig-iron|scrap|aggregates,grain,grain:description/nom MLG: céréalier/grains
cat-8368,B. Richard 53m3,53 m3 — 1er type. Marquages Transcrales.,img/catalog/F_WP/Cereal2E53BRc_TC_R.gif,grain|flour|sugar|salt|coal|ore|gravel|sand|ballast|limestone|cement|clinker|coke|bauxite|fertilizer|potash|phosphate|kaolin|alumina|sinter|pig-iron|scrap|aggregates,grain,grain:description/nom MLG: céréalier/grains
cat-8369,B. Richard 53m3,53 m3 — 2me type (partie entre les silos tle). Livre France Luzerne.,img/catalog/F_WP/Cereal2E53BRb_FrLuz_R.gif,grain|flour|sugar|salt|coal|ore|gravel|sand|ballast|limestone|cement|clinker|coke|bauxite|fertilizer|potash|phosphate|kaolin|alumina|sinter|pig-iron|scrap|aggregates,grain,grain:description/nom MLG: céréalier/grains
cat-8370,B. Richard 53m3,53 m3 — 2me type (partie entre les silos tle). Marquages Transcrales.,img/catalog/F_WP/Cereal2E53BRb_TC_R.gif,grain|flour|sugar|salt|coal|ore|gravel|sand|ballast|limestone|cement|clinker|coke|bauxite|fertilizer|potash|phosphate|kaolin|alumina|sinter|pig-iron|scrap|aggregates,grain,grain:description/nom MLG: céréalier/grains
cat-8371,B. Richard 53m3,53 m3 — 2me type (partie entre les silos tle). Marquages Transcrales MRO.,img/catalog/F_WP/Cereal2E53BRb_TC_MRO_R.gif,grain|flour|sugar|salt|coal|ore|gravel|sand|ballast|limestone|cement|clinker|coke|bauxite|fertilizer|potash|phosphate|kaolin|alumina|sinter|pig-iron|scrap|aggregates,grain,grain:description/nom MLG: céréalier/grains
cat-8372,B. Richard 53m3,53 m3 — 3me type (disposition diffrente des baguettes de renfort). Marquages Transcrales.,img/catalog/F_WP/Cereal2E53BRc_TC_R.gif,grain|flour|sugar|salt|coal|ore|gravel|sand|ballast|limestone|cement|clinker|coke|bauxite|fertilizer|potash|phosphate|kaolin|alumina|sinter|pig-iron|scrap|aggregates,grain,grain:description/nom MLG: céréalier/grains
cat-8373,Faces galbes,Fauvet-Girel  faces galbes — Livre Transcrales CTC.,img/catalog/F_WP/CerealFG2E_TC_CTC_R.gif,grain|flour|sugar|salt|coal|ore|gravel|sand|ballast|limestone|cement|clinker|coke|bauxite|fertilizer|potash|phosphate|kaolin|alumina|sinter|pig-iron|scrap|aggregates,grain,grain:description/nom MLG: céréalier/grains
cat-8374,Faces galbes,Fauvet-Girel  faces galbes — Livre Transcrales Compagnie du Midi.,img/catalog/F_WP/CerealFG2E_TC_Midi_R.gif,grain|flour|sugar|salt|coal|ore|gravel|sand|ballast|limestone|cement|clinker|coke|bauxite|fertilizer|potash|phosphate|kaolin|alumina|sinter|pig-iron|scrap|aggregates,grain,grain:description/nom MLG: céréalier/grains
cat-8375,Faces galbes,Fauvet-Girel  faces galbes — Livre Transcrales MRO.,img/catalog/F_WP/CerealFG2E_TC_MRO_R.gif,grain|flour|sugar|salt|coal|ore|gravel|sand|ballast|limestone|cement|clinker|coke|bauxite|fertilizer|potash|phosphate|kaolin|alumina|sinter|pig-iron|scrap|aggregates,grain,grain:description/nom MLG: céréalier/grains
cat-8376,Faces galbes,Fauvet-Girel  faces galbes — Livre Transcrales SHGT.,img/catalog/F_WP/CerealFG2E_TC_SHGT_R.gif,grain|flour|sugar|salt|coal|ore|gravel|sand|ballast|limestone|cement|clinker|coke|bauxite|fertilizer|potash|phosphate|kaolin|alumina|sinter|pig-iron|scrap|aggregates,grain,grain:description/nom MLG: céréalier/grains
cat-8377,Faces galbes,Fauvet-Girel  faces galbes — Livre Transcrales STEMI.,img/catalog/F_WP/CerealFG2E_TC_STEMI_R.gif,grain|flour|sugar|salt|coal|ore|gravel|sand|ballast|limestone|cement|clinker|coke|bauxite|fertilizer|potash|phosphate|kaolin|alumina|sinter|pig-iron|scrap|aggregates,grain,grain:description/nom MLG: céréalier/grains
cat-8378,Faces galbes,Fauvet-Girel  faces galbes — Livre Transcrales TMF.,img/catalog/F_WP/CerealFG2E_TC_TMF_R.gif,grain|flour|sugar|salt|coal|ore|gravel|sand|ballast|limestone|cement|clinker|coke|bauxite|fertilizer|potash|phosphate|kaolin|alumina|sinter|pig-iron|scrap|aggregates,grain,grain:description/nom MLG: céréalier/grains
cat-8379,Faces galbes,Fauvet-Girel  faces galbes — Livre Transcrales Transmagrains.,img/catalog/F_WP/CerealFG2E_TC_Transmagrains_R.gif,grain|flour|sugar|salt|coal|ore|gravel|sand|ballast|limestone|cement|clinker|coke|bauxite|fertilizer|potash|phosphate|kaolin|alumina|sinter|pig-iron|scrap|aggregates,grain,grain:description/nom MLG: céréalier/grains
cat-8380,Faces galbes,Fauvet-Girel  faces galbes — Livre Transcrales CIWC avec pi.,img/catalog/F_WP/CerealFG2E_TCV_CIWC_R.gif,grain|flour|sugar|salt|coal|ore|gravel|sand|ballast|limestone|cement|clinker|coke|bauxite|fertilizer|potash|phosphate|kaolin|alumina|sinter|pig-iron|scrap|aggregates,grain,grain:description/nom MLG: céréalier/grains
cat-8381,Faces galbes,Fauvet-Girel  faces galbes — Livre Transcrales CTC avec pi.,img/catalog/F_WP/CerealFG2E_TCV_CTC_R.gif,grain|flour|sugar|salt|coal|ore|gravel|sand|ballast|limestone|cement|clinker|coke|bauxite|fertilizer|potash|phosphate|kaolin|alumina|sinter|pig-iron|scrap|aggregates,grain,grain:description/nom MLG: céréalier/grains
cat-8382,Faces galbes,Fauvet-Girel  faces galbes — Livre Transcrales Ermewa avec pi.,img/catalog/F_WP/CerealFG2E_TCV_Ermewa_R.gif,grain|flour|sugar|salt|coal|ore|gravel|sand|ballast|limestone|cement|clinker|coke|bauxite|fertilizer|potash|phosphate|kaolin|alumina|sinter|pig-iron|scrap|aggregates,grain,grain:description/nom MLG: céréalier/grains
cat-8383,Faces galbes,Fauvet-Girel  faces galbes — Livre Transcrales MRO avec pi.,img/catalog/F_WP/CerealFG2E_TCV_MRO_R.gif,grain|flour|sugar|salt|coal|ore|gravel|sand|ballast|limestone|cement|clinker|coke|bauxite|fertilizer|potash|phosphate|kaolin|alumina|sinter|pig-iron|scrap|aggregates,grain,grain:description/nom MLG: céréalier/grains
cat-8384,Faces galbes,Fauvet-Girel  faces galbes — Livre Transcrales Sigma avec pi.,img/catalog/F_WP/CerealFG2E_TCV_Sigma_R.gif,grain|flour|sugar|salt|coal|ore|gravel|sand|ballast|limestone|cement|clinker|coke|bauxite|fertilizer|potash|phosphate|kaolin|alumina|sinter|pig-iron|scrap|aggregates,grain,grain:description/nom MLG: céréalier/grains
cat-8385,Faces galbes,Fauvet-Girel  faces galbes — Livre TMF CITA.,img/catalog/F_WP/CerealFG2E_TMFCITA_R.gif,grain|flour|sugar|salt|coal|ore|gravel|sand|ballast|limestone|cement|clinker|coke|bauxite|fertilizer|potash|phosphate|kaolin|alumina|sinter|pig-iron|scrap|aggregates,grain,grain:description/nom MLG: céréalier/grains
cat-8386,70m3,Arbel 70m3 — Livre TMF CITA.,img/catalog/F_WP/Cereal2E70_TMFCITA_R.gif,grain|flour|sugar|salt|coal|ore|gravel|sand|ballast|limestone|cement|clinker|coke|bauxite|fertilizer|potash|phosphate|kaolin|alumina|sinter|pig-iron|scrap|aggregates,grain,grain:description/nom MLG: céréalier/grains
cat-8387,70m3,Arbel 70m3 — Livre TMF CITA (petit logo).,img/catalog/F_WP/Cereal2E70_TMFCITA_PL_R.gif,grain|flour|sugar|salt|coal|ore|gravel|sand|ballast|limestone|cement|clinker|coke|bauxite|fertilizer|potash|phosphate|kaolin|alumina|sinter|pig-iron|scrap|aggregates,grain,grain:description/nom MLG: céréalier/grains
cat-8388,70m3,Arbel 70m3 — Livre Transcrales CTC (rouge).,img/catalog/F_WP/Cereal2E70_TC_CTC_R.gif,grain|flour|sugar|salt|coal|ore|gravel|sand|ballast|limestone|cement|clinker|coke|bauxite|fertilizer|potash|phosphate|kaolin|alumina|sinter|pig-iron|scrap|aggregates,grain,grain:description/nom MLG: céréalier/grains
cat-8389,3 essieux Richard,Premier type — Livre CTC Groupe Esmery Caron.,img/catalog/F_WP/Cereal3ERichard1_CTC_E3_R.gif,grain|flour|sugar|salt|coal|ore|gravel|sand|ballast|limestone|cement|clinker|coke|bauxite|fertilizer|potash|phosphate|kaolin|alumina|sinter|pig-iron|scrap|aggregates,grain,grain:description/nom MLG: céréalier/grains
cat-8390,3 essieux Richard,Premier type — Livre CTC Groupe Esmery Caron. Marquages UIC.,img/catalog/F_WP/Cereal3ERichard1_CTC_R.gif,grain|flour|sugar|salt|coal|ore|gravel|sand|ballast|limestone|cement|clinker|coke|bauxite|fertilizer|potash|phosphate|kaolin|alumina|sinter|pig-iron|scrap|aggregates,grain,grain:description/nom MLG: céréalier/grains
cat-8391,3 essieux Richard,Premier type — Livre CTC COTRAM gris fonc.,img/catalog/F_WP/Cereal3ERichard1_CTC_COTRAM_GFE3_R.gif,grain|flour|sugar|salt|coal|ore|gravel|sand|ballast|limestone|cement|clinker|coke|bauxite|fertilizer|potash|phosphate|kaolin|alumina|sinter|pig-iron|scrap|aggregates,grain,grain:description/nom MLG: céréalier/grains
cat-8392,Ex-3 essieux Richard,Premier type — Transform en wagon  2 essieux. Livre Transcrales CTC Cotram.,img/catalog/F_WP/CerealEx3ERichard1_TC_Cotram_R.gif,grain|flour|sugar|salt|coal|ore|gravel|sand|ballast|limestone|cement|clinker|coke|bauxite|fertilizer|potash|phosphate|kaolin|alumina|sinter|pig-iron|scrap|aggregates,grain,grain:description/nom MLG: céréalier/grains
cat-8393,Ex-3 essieux Richard,Premier type — Transform en wagon  2 essieux. Livre Transcrales CTC Esmery-Caron.,img/catalog/F_WP/CerealEx3ERichard1_TC_Esmery_R.gif,grain|flour|sugar|salt|coal|ore|gravel|sand|ballast|limestone|cement|clinker|coke|bauxite|fertilizer|potash|phosphate|kaolin|alumina|sinter|pig-iron|scrap|aggregates,grain,grain:description/nom MLG: céréalier/grains
cat-8441,Novatrans K1,"Premire gnration de kangourous  bogies — Anciens KM, modifis par suppression de la poche aprs l'arrt du transport de semi-remorques entires.",img/catalog/F_WP/Novatrans_K1_R.gif,general,semi-trailers,semi-trailers:description MLG: semi-remorques
cat-8445,CNC L56,Porte conteneurs,img/catalog/F_WP/CNC_L56.gif,containers|general|steel|wood,containers,containers:description MLG: conteneurs
cat-8446,CNC S7F,Porte conteneurs — Similaires aux S63 SNCF. Livre fuschia CNC.,img/catalog/F_WP/CNC_S7F.gif,containers|general|steel|wood,containers,containers:description MLG: conteneurs
cat-8447,CNC S7G,"Porte conteneurs — Anciens kangourous, modifis en porte caisse mobile avec suppression de la poche. Livre fuschia CNC.",img/catalog/F_WP/CNC_S7G.gif,containers|general|steel|wood,containers,containers:description MLG: conteneurs
cat-8448,Novatrans Lgs,Porte conteneurs,img/catalog/F_WP/Novatrans_Lgs.gif,containers|general|steel|wood,containers,containers:description MLG: conteneurs
cat-8457,Tapps,"Wagons  toiture amovible (T) — Transport de sucre, avec livre spcifique  cette activit. Bogies souds.",img/catalog/F_WP/FW_Tapps_BS_Sucre_R.gif,general|paper|wood,sugar-bulk,sugar-bulk:description/nom MLG: sucre/sucrier
cat-8458,Tapps,"Wagons  toiture amovible (T) — Transport de sucre, avec livre spcifique  cette activit. Bogies mouls.",img/catalog/F_WP/FW_Tapps_BM_Sucre_R.gif,general|paper|wood,sugar-bulk,sugar-bulk:description/nom MLG: sucre/sucrier
cat-8459,Tanpps,"Wagons  toiture amovible (T) — Transport d'engrais, livre brune. Bogies souds.",img/catalog/F_WP/FW_Tanpps_BS_L1_R.gif,general|paper|wood,fertilizer-bulk,fertilizer-bulk:description MLG: engrais
cat-8460,Tanpps,"Wagons  toiture amovible (T) — Transport d'engrais, livre brune. Bogies mouls.",img/catalog/F_WP/FW_Tanpps_BM_L1_R.gif,general|paper|wood,fertilizer-bulk,fertilizer-bulk:description MLG: engrais
cat-8468,CFMF 63 m3 type E,"Wagons  toit amovible (T) — Wagon CFMF de 63 m3, de type E. Livre grise (transport d'engrais).",img/catalog/F_WP/Simotra_Taoos_CFMF63E_G_R.gif,general|paper|wood,fertilizer-bulk,fertilizer-bulk:description MLG: engrais
cat-8469,CFMF 63 m3 type E,"Wagons  toit amovible (T) — Wagon CFMF de 63 m3, de type E. Initialement affects au transport de soufre, adapts au transport de carbonate de soude. Livre jaune.",img/catalog/F_WP/Simotra_Taoos_CFMF63E_J_R.gif,general|paper|wood,soda-ash,soda-ash:description MLG: carbonate de soude
cat-8471,CFMF 63 m3 type K,"Wagons  toit amovible (T) — Wagon CFMF de 63 m3, de type K, reconnaissable  ses renforts. Livre grise (transport d'engrais).",img/catalog/F_WP/Simotra_Taoos_CFMF63K_G_R.gif,general|paper|wood,fertilizer-bulk,fertilizer-bulk:description MLG: engrais
cat-8472,CFMF 63 m3 type K,"Wagons  toit amovible (T) — Wagon CFMF de 63 m3, de type K, reconnaissable  ses renforts. Initialement affects au transport de soufre, adapts au transport de carbonate de soude. Livre jaune.",img/catalog/F_WP/Simotra_Taoos_CFMF63K_J_R.gif,general|paper|wood,soda-ash,soda-ash:description MLG: carbonate de soude
cat-8473,HK Porter 65 m3,Wagons  toit amovible (T) — Wagon HK Porter de 65 m3 allong. Livre grise. Transport de sable de verrerie.,img/catalog/F_WP/Simotra_Taoos_HKP65_R.gif,general|paper|wood,glass-sand,glass-sand:description MLG: sable de verrerie
cat-8474,Orval 70 m3,Wagons  toit amovible (T) — Wagon Orval de 70 m3. Livre grise. Transport de sable de verrerie.,img/catalog/F_WP/Simotra_Taoos_Orval70_R.gif,general|paper|wood,glass-sand,glass-sand:description MLG: sable de verrerie
cat-8475,Uacs 60m3,Wagons spciaux (U) — Transport de ciment. Type HK Porter de 60 m3  bogies.,img/catalog/F_WP/Simotra_Uacs_HKP60_R.gif,general|paper|wood,cement,cement:description/nom MLG: ciment
cat-8478,Tds,Tds — Wagons ex SNCF (T60).,img/catalog/F_WP/TransEngrais_T60_R.gif,general|paper|wood,fertilizer-bulk,fertilizer-bulk:description MLG: engrais
cat-8479,Tads,Tads — Wagons lous  la SNCB (B Cargo).,img/catalog/F_WP/TransEngrais_Tads_B_R.gif,general|paper|wood,fertilizer-bulk,fertilizer-bulk:description MLG: engrais
cat-8480,Tads,"Tads — Wagons repris par France Wagons. Livre B Cargo conserve, mais sans logo.",img/catalog/F_WP/TransEngrais_Tads_R.gif,general|paper|wood,fertilizer-bulk,fertilizer-bulk:description MLG: engrais
cat-8481,Taoos 65m3,Taoos — Capacit de 65 m3. Livre grise.,img/catalog/F_WP/TransEngrais_Taoos65_R.gif,general|paper|wood,fertilizer-bulk,fertilizer-bulk:description MLG: engrais
cat-8482,Taoos 70m3,Taoos — Capacit de 70 m3. Type construit par les ateliers d'Orval. Livre grise.,img/catalog/F_WP/TransEngrais_Taoos70_R.gif,general|paper|wood,fertilizer-bulk,fertilizer-bulk:description MLG: engrais
cat-8483,Tapps,Ta(n)pps — Livre crme. Bogies souds.,img/catalog/F_WP/TransEngrais_Tapps_BS_R.gif,general|paper|wood,fertilizer-bulk,fertilizer-bulk:description MLG: engrais
cat-8484,Tanpps,Ta(n)pps — Livre brune. Bogies souds.,img/catalog/F_WP/TransEngrais_Tanpps_BS_R.gif,general|paper|wood,fertilizer-bulk,fertilizer-bulk:description MLG: engrais
cat-8485,Tanpps,Ta(n)pps — Livre brune. Bogies mouls.,img/catalog/F_WP/TransEngrais_Tanpps_BM_R.gif,general|paper|wood,fertilizer-bulk,fertilizer-bulk:description MLG: engrais
cat-8486,Tanpps,Ta(n)pps — Livre brune avec marquages Ermewa. Bogies mouls.,img/catalog/F_WP/TransEngrais_Tanpps_BM_Erme_R.gif,general|paper|wood,fertilizer-bulk,fertilizer-bulk:description MLG: engrais
cat-8509,Ucs,Silos (U)  essieux — Transport de ciment. 2 essieux. EVS Transpul.,img/catalog/F_WP/Silo ciment EVS.gif,waste,cement,cement:description/nom MLG: ciment
cat-8510,Ucs,Silos (U)  essieux — Transport de ciment. 2 essieux. EVS Cedest.,img/catalog/F_WP/Ucs_ciment1_EVSC.gif,waste,cement,cement:description/nom MLG: ciment
cat-8511,Ucs 33m3,"Silos (U)  essieux — Transport de ciment. 2 essieux, grande capacit. EVS Transpul.",img/catalog/F_WP/Ucs_ciment2_EVST.gif,waste,cement,cement:description/nom MLG: ciment
cat-8627,MH30,"MH — Trmie MH  2 essieux de 30t pour minerai et houille, sans logo. Caisse en acier galvanis, non peint.",img/catalog/F_WP/SGW_MH30_AG_E4.gif,steel|steel-coils|steel-sheet|steel-beams|containers|wood|vehicles|sinter|pig-iron|scrap,coal|ore,coal:description MLG: charbon/houille | ore:description MLG: minerai de fer/Erz
cat-8628,MH30,"MH — Trmie MH  2 essieux de 30t pour minerai et houille, sans logo. Peint.",img/catalog/F_WP/SGW_MH30_E4.gif,steel|steel-coils|steel-sheet|steel-beams|containers|wood|vehicles|sinter|pig-iron|scrap,coal|ore,coal:description MLG: charbon/houille | ore:description MLG: minerai de fer/Erz
cat-8629,MH30,"MH — Trmie MH  2 essieux de 30t pour minerai et houille, affect  ARBEL.",img/catalog/F_WP/SGW_MH30_ARBEL_E3.gif,steel|steel-coils|steel-sheet|steel-beams|containers|wood|vehicles|sinter|pig-iron|scrap,coal|ore,coal:description MLG: charbon/houille | ore:description MLG: minerai de fer/Erz
cat-8630,MH30,"MH — Trmie MH  2 essieux de 30t pour minerai et houille, affect  SGMF.",img/catalog/F_WP/SGW_MH30_SGMF_E3.gif,steel|steel-coils|steel-sheet|steel-beams|containers|wood|vehicles|sinter|pig-iron|scrap,coal|ore,coal:description MLG: charbon/houille | ore:description MLG: minerai de fer/Erz
cat-8631,MH45,"MH — Trmie MH  3 essieux de 45t (60 m3) pour minerai et houille, construit par et affect  la STEMI.",img/catalog/F_WP/SGW_MH45_STEMI_E3_R.gif,steel|steel-coils|steel-sheet|steel-beams|containers|wood|vehicles|sinter|pig-iron|scrap,coal|ore,coal:description MLG: charbon/houille | ore:description MLG: minerai de fer/Erz
cat-8632,MH45,"MH — Trmie MH  3 essieux de 45t (60 m3) pour minerai et houille, construit par la STEMI. Affect  SCRC.",img/catalog/F_WP/SGW_MH45_SCRC_E3_R.gif,steel|steel-coils|steel-sheet|steel-beams|containers|wood|vehicles|sinter|pig-iron|scrap,coal|ore,coal:description MLG: charbon/houille | ore:description MLG: minerai de fer/Erz
cat-8633,MH45,"MH — Trmie MH  3 essieux de 45t (60 m3) pour minerai et houille, construit par la STEMI. Marquages UIC.",img/catalog/F_WP/SGW_MH45_E4_R.gif,steel|steel-coils|steel-sheet|steel-beams|containers|wood|vehicles|sinter|pig-iron|scrap,coal|ore,coal:description MLG: charbon/houille | ore:description MLG: minerai de fer/Erz
cat-8634,MH,"MH — Trmie MH  2 essieux de 42 m3 pour houille, construit par les Ets Richard, affect  S.T.W.D.",img/catalog/F_WP/SGW_MHRichard_E3_R.gif,steel|steel-coils|steel-sheet|steel-beams|containers|wood|vehicles|sinter|pig-iron|scrap,coal,coal:description MLG: charbon/houille
cat-8652,DM40,"DM divers — DM de 40t (40 m3) pour minerai et houille, construit par les Aciries et Ateliers de Construction de Marpent. Affect aux Forges et Aciries du Nord et de l'Est.",img/catalog/F_WP/SGW_DM40_FANE_E3_R.gif,steel|steel-coils|steel-sheet|steel-beams|containers|wood|vehicles|sinter|pig-iron|scrap,coal|ore,coal:description MLG: charbon/houille | ore:description MLG: minerai de fer/Erz
cat-8654,DM,"DM divers — DM de 53 m3 pour minerai et houille, construit par la CFMCGC. Affect  la SITRAM.",img/catalog/F_WP/SGW_DM53_Sitram_E3.gif,steel|steel-coils|steel-sheet|steel-beams|containers|wood|vehicles|sinter|pig-iron|scrap,coal|ore,coal:description MLG: charbon/houille | ore:description MLG: minerai de fer/Erz
cat-8852,Zacns 98,Pannonia — 98 m3 pour transport d'éthanol. Livrée gris et vert Pannonia.,img/catalog/HU_P/Wascosa_Zacns98_PannoniaEthanol_R.gif,general,ethanol,ethanol:description/nom MLG: éthanol
cat-8876,WAI28B,WAI28B,img/catalog/IF/IF_WAI28B_WBanane.gif,general,bananas-refrigerated,bananas-refrigerated:description/nom MLG: banane
cat-8919,94 m3 faces planes,"Craliers Fauvet-Girel  faces planes — Livre la plus rcente, marquages Monfer France malgr l'immatriculation italienne.",img/catalog/I_WP/Monfer_CerealFG94P_L3MF_R.gif,grain|flour|sugar|salt|coal|ore|gravel|sand|ballast|limestone|cement|clinker|coke|bauxite|fertilizer|potash|phosphate|kaolin|alumina|sinter|pig-iron|scrap|aggregates,grain,grain:description/nom MLG: céréalier/grains
cat-8920,94 m3 faces galbes,Craliers Fauvet-Girel  faces galbes — Livre bleue avec logo pench.,img/catalog/I_WP/Monfer_CerealFG94G_B1_R.gif,grain|flour|sugar|salt|coal|ore|gravel|sand|ballast|limestone|cement|clinker|coke|bauxite|fertilizer|potash|phosphate|kaolin|alumina|sinter|pig-iron|scrap|aggregates,grain,grain:description/nom MLG: céréalier/grains
cat-8945,Eamos,Wagons — Utiliss pour transport de ballast. Livre RTS intgralement orange.,img/catalog/Intl/RTS_Eamos_R.gif,general,ballast,ballast:description MLG: ballast
cat-8949,Shimmns 730,Railship — Wagons pour transport de coils lous  la DB AG.,img/catalog/Intl/Railship_Shimmns730_R.gif,general,steel-coils,steel-coils:description MLG: coils/rouleaux de tôles
cat-8964,Sgmmns 190,S : transports de conteneurs et caisses mobiles — Longueur utile de 40' (pour charges lourdes).,img/catalog/Loueurs/AAE_Sgmmns190_R.gif,containers|general|steel|wood,swap-bodies,swap-bodies:description MLG: caisses mobiles
cat-8965,Sgnss 10,S : transports de conteneurs et caisses mobiles — Premier type de wagon de longueur utile de 60'. A t lou par la DB AG sous la dsignation Sgnss 735.,img/catalog/Loueurs/AAE_Sgnss10_R.gif,containers|general|steel|wood,swap-bodies,swap-bodies:description MLG: caisses mobiles
cat-8966,Sgnss 735,"S : transports de conteneurs et caisses mobiles — Deuxime type de wagon de longueur utile de 60', avec renforts diffrents sous les supports de containers. A galement t lou par la DB AG sous la dsignation Sgnss 735.",img/catalog/Loueurs/AAE_Sgnss735_R.gif,containers|general|steel|wood,swap-bodies,swap-bodies:description MLG: caisses mobiles
cat-8967,Sggrs 80',"S : transports de conteneurs et caisses mobiles — Porte conteneur articul d'une longeur utile de 2x40', d'origine Intercontainer.",img/catalog/Loueurs/AAE_Sggrs80_ExIntercontainer.gif,containers|general|steel|wood,containers|swap-bodies,swap-bodies:description MLG: caisses mobiles | containers:description MLG: conteneurs
cat-8968,Sggrs 80' 119,S : transports de conteneurs et caisses mobiles — Porte conteneur articul d'une longeur utile de 2x40'.,img/catalog/Loueurs/AAE_Sggrs80_119_R.gif,containers|general|steel|wood,containers|swap-bodies,swap-bodies:description MLG: caisses mobiles | containers:description MLG: conteneurs
cat-8969,Sggmrs 90',S : transports de conteneurs et caisses mobiles — Porte conteneur articul d'une longeur utile de 2x45'.,img/catalog/Loueurs/AAE_Sggmrs90_R.gif,containers|general|steel|wood,containers|swap-bodies,swap-bodies:description MLG: caisses mobiles | containers:description MLG: conteneurs
cat-8970,Sggmrs 90' 179,"S : transports de conteneurs et caisses mobiles — Porte conteneur articul d'une longeur utile de 2x45', anciens Sggmrs 715 de la DB raccourcis.",img/catalog/Loueurs/AAE_Sggmrs90_179.gif,containers|general|steel|wood,containers|swap-bodies,swap-bodies:description MLG: caisses mobiles | containers:description MLG: conteneurs
cat-8971,Sdggmrss 104,S : transports de conteneurs et caisses mobiles — Porte conteneurs / remorques articul.,img/catalog/Loueurs/AAE_Sdggmrss104.gif,containers|general|steel|wood,containers|swap-bodies,swap-bodies:description MLG: caisses mobiles | containers:description MLG: conteneurs
cat-8972,Sffggmrrss 75,S : transports de conteneurs et caisses mobiles — Porte conteneur double  plancher bas.,img/catalog/Loueurs/AAE_Sffggmrrss75.gif,containers|general|steel|wood,containers|swap-bodies,swap-bodies:description MLG: caisses mobiles | containers:description MLG: conteneurs
cat-8980,Laagrs,Wagons — Porte conteneur double  essieux.,img/catalog/Loueurs/CBR_Laagrs.gif,containers|general|steel|wood,containers,containers:description MLG: conteneurs
cat-8981,Sggrss 80,Wagons — Porte conteneur articul.,img/catalog/Loueurs/CBR_Sggrss80.gif,containers|general|steel|wood,containers,containers:description MLG: conteneurs
cat-8990,Sgnns3.60,Plats  bogies spciaux (S) — Transport de containers.,img/catalog/Loueurs/ERR_Sgnss3_60.gif,steel|steel-coils|steel-sheet|steel-beams|containers|wood|vehicles|sinter|pig-iron|scrap,containers,containers:description MLG: conteneurs
cat-8991,Shimmns,Plats  bogies spciaux (S) — Transport de coils.,img/catalog/Loueurs/ERR_Shimmns.gif,steel|steel-coils|steel-sheet|steel-beams|containers|wood|vehicles|sinter|pig-iron|scrap,steel-coils,steel-coils:description MLG: coils/rouleaux de tôles
cat-8999,Shimmns-ttu 4777,Plats spciaux  bogies (S) — Transport de coils.,img/catalog/Loueurs/GATX_Shimmns4777.gif,steel|steel-coils|steel-sheet|steel-beams|containers|wood|vehicles|sinter|pig-iron|scrap,steel-coils,steel-coils:description MLG: coils/rouleaux de tôles
cat-9010,CFMF 95 m3,Craliers et sucriers — Ex Guyomarc'h.,img/catalog/Loueurs/Millet_CerealCFMF95_R.gif,grain|flour|sugar|salt|coal|ore|gravel|sand|ballast|limestone|cement|clinker|coke|bauxite|fertilizer|potash|phosphate|kaolin|alumina|sinter|pig-iron|scrap|aggregates,grain|sugar-bulk,grain:description/nom MLG: céréalier/grains | sugar-bulk:description/nom MLG: sucre/sucrier
cat-9011,Fauvet-Girel 78 m3,Craliers et sucriers — Sucrier. Faces galbes.,img/catalog/Loueurs/Millet_SucreFG78G_R.gif,general,grain|sugar-bulk,grain:description/nom MLG: céréalier/grains | sugar-bulk:description/nom MLG: sucre/sucrier
cat-9012,Fauvet-Girel 94 m3,Craliers et sucriers — Faces planes.,img/catalog/Loueurs/Millet_CerealFG94P_R.gif,grain|flour|sugar|salt|coal|ore|gravel|sand|ballast|limestone|cement|clinker|coke|bauxite|fertilizer|potash|phosphate|kaolin|alumina|sinter|pig-iron|scrap|aggregates,grain|sugar-bulk,grain:description/nom MLG: céréalier/grains | sugar-bulk:description/nom MLG: sucre/sucrier
cat-9013,Fauvet-Girel 96 m3,"Craliers et sucriers — Faces planes. 1er type,  3 trmies.",img/catalog/Loueurs/Millet_CerealFG96P1_R.gif,grain|flour|sugar|salt|coal|ore|gravel|sand|ballast|limestone|cement|clinker|coke|bauxite|fertilizer|potash|phosphate|kaolin|alumina|sinter|pig-iron|scrap|aggregates,grain|sugar-bulk,grain:description/nom MLG: céréalier/grains | sugar-bulk:description/nom MLG: sucre/sucrier
cat-9014,Fauvet-Girel 96 m3,"Craliers et sucriers — Faces planes. 2me type,  4 trmies.",img/catalog/Loueurs/Millet_CerealFG96P2_R.gif,grain|flour|sugar|salt|coal|ore|gravel|sand|ballast|limestone|cement|clinker|coke|bauxite|fertilizer|potash|phosphate|kaolin|alumina|sinter|pig-iron|scrap|aggregates,grain|sugar-bulk,grain:description/nom MLG: céréalier/grains | sugar-bulk:description/nom MLG: sucre/sucrier
cat-9015,Fauvet-Girel 94 m3,Craliers et sucriers — Version de 94 m3  faces galbes.,img/catalog/Loueurs/Millet_CerealFG94G_R.gif,grain|flour|sugar|salt|coal|ore|gravel|sand|ballast|limestone|cement|clinker|coke|bauxite|fertilizer|potash|phosphate|kaolin|alumina|sinter|pig-iron|scrap|aggregates,grain|sugar-bulk,grain:description/nom MLG: céréalier/grains | sugar-bulk:description/nom MLG: sucre/sucrier
cat-9016,Fauvet-Girel 94 m3,"Craliers et sucriers — Faces galbes, avec 8 jointures de tles par face au lieu des 7 habituelles. Ex Guyomarc'h.",img/catalog/Loueurs/Millet_CerealFG94G8_R.gif,grain|flour|sugar|salt|coal|ore|gravel|sand|ballast|limestone|cement|clinker|coke|bauxite|fertilizer|potash|phosphate|kaolin|alumina|sinter|pig-iron|scrap|aggregates,grain|sugar-bulk,grain:description/nom MLG: céréalier/grains | sugar-bulk:description/nom MLG: sucre/sucrier
cat-9017,AFR 95 m3,"Craliers et sucriers — Version de 95 m2 de la nouvelle gnration de craliers AFR. Bogies AFR. Livre ""Mas"".",img/catalog/Loueurs/Millet_Tagnpps_AFR95_R.gif,general,grain|sugar-bulk,grain:description/nom MLG: céréalier/grains | sugar-bulk:description/nom MLG: sucre/sucrier
cat-9018,AFR 95 m3,Craliers et sucriers — Bogies Y27.,img/catalog/Loueurs/Millet_Tagnpps_AFR95_Y27_R.gif,general,grain|sugar-bulk,grain:description/nom MLG: céréalier/grains | sugar-bulk:description/nom MLG: sucre/sucrier
cat-9019,AFR 100 m3,"Craliers et sucriers — Nouvelle gnration de craliers. Premire srie de 100 exemplaires, capacit de 100 m2. Bogies AFR.",img/catalog/Loueurs/Millet_Tagnpps_AFR100_R.gif,general,grain|sugar-bulk,grain:description/nom MLG: céréalier/grains | sugar-bulk:description/nom MLG: sucre/sucrier
cat-9020,AFR 101 m3,"Craliers et sucriers — Deuxime srie de 100 exemplaires (2011), capacit augmente  101 m2. Bogies AFR. Livre grise.",img/catalog/Loueurs/Millet_Tagnpps_AFR101_R.gif,general,grain|sugar-bulk,grain:description/nom MLG: céréalier/grains | sugar-bulk:description/nom MLG: sucre/sucrier
cat-9021,AFR 101 m3,"Craliers et sucriers — Troisime srie de 150 exemplaires. Bogies AFR. Livre ""Mas"".",img/catalog/Loueurs/Millet_Tagnpps_AFR101_Mais_R.gif,general,grain|sugar-bulk,grain:description/nom MLG: céréalier/grains | sugar-bulk:description/nom MLG: sucre/sucrier
cat-9022,Fauvet-Girel 132 m3,Craliers et sucriers — Faces lgrement galbes.,img/catalog/Loueurs/Millet_CerealFG132_R.gif,grain|flour|sugar|salt|coal|ore|gravel|sand|ballast|limestone|cement|clinker|coke|bauxite|fertilizer|potash|phosphate|kaolin|alumina|sinter|pig-iron|scrap|aggregates,grain|sugar-bulk,grain:description/nom MLG: céréalier/grains | sugar-bulk:description/nom MLG: sucre/sucrier
cat-9023,Fauvet-Girel 95 m3,Craliers et sucriers — Faces planes. Au gabarit anglais.,img/catalog/Loueurs/Millet_CerealFG95PTM_R.gif,grain|flour|sugar|salt|coal|ore|gravel|sand|ballast|limestone|cement|clinker|coke|bauxite|fertilizer|potash|phosphate|kaolin|alumina|sinter|pig-iron|scrap|aggregates,grain|sugar-bulk,grain:description/nom MLG: céréalier/grains | sugar-bulk:description/nom MLG: sucre/sucrier
cat-9066,Hbbi(ll)ns,Couverts spciaux (H) — Wagon  grand gabarit pour transport de pices d'automobiles.,img/catalog/Loueurs/Touax_Hbbillns.gif,general|paper|wood|sugar|salt|fertilizer|cement|flour|grain,automotive-parts,automotive-parts:description MLG: pièces automobiles
cat-9067,Lgns 45',Plats spciaux  essieux (L) — Porte conteneurs.,img/catalog/Loueurs/Touax_Lgns45.gif,containers|general|steel|wood,containers,containers:description MLG: conteneurs
cat-9068,Laaers 700,Plats spciaux  essieux (L) — Transport d'autos.,img/catalog/Loueurs/Touax_Laaers700.gif,vehicles,cars,cars:description MLG: automobiles
cat-9069,Sgnss 60',Plats spciaux  bogies (S) — Porte conteneurs.,img/catalog/Loueurs/Touax_Sgnss60.gif,containers|general|steel|wood,containers,containers:description MLG: conteneurs
cat-9070,Sggrss 80',Plats spciaux  bogies (S) — Porte conteneurs.,img/catalog/Loueurs/Touax_Sggrss80.gif,containers|general|steel|wood,containers,containers:description MLG: conteneurs
cat-9072,Haimmrs,Couverts spciaux (H) — Wagon surbaisss  3 bogies pour transport de pices d'automobiles.,img/catalog/Loueurs/Wascosa_Haimmrs.gif,general|paper|wood|sugar|salt|fertilizer|cement|flour|grain,automotive-parts,automotive-parts:description MLG: pièces automobiles
cat-9333,Takkls 850,VAM — Transport d'ordures ménagères.,img/catalog/NS/W/VAM_Takkls850_R.gif,general,household-waste,household-waste:description MLG: ordures ménagères
cat-9570,Fccpps,F — Transport de ballast.,img/catalog/NS/W/NS_Fccpps_B_R.gif,general,ballast,ballast:description MLG: ballast
cat-9586,Tads Talbot 70 m3,T — Transport d'engrais. Livrée orange d'origine.,img/catalog/NS/W/NS_Tads_Meststoffen_O_R.gif,general,fertilizer-bulk,fertilizer-bulk:description MLG: engrais
cat-9587,Uces,"U — Transport de pulvérulents (ciment,...).",img/catalog/NS/W/NS_Uces.gif,general,bulk-powders|cement,cement:description/nom MLG: ciment | bulk-powders:description MLG: produits pulvérulents
cat-9595,Tads,Wagons  toiture amovible (T) — Immatriculs en Allemagne. Anciennes trmies  engrais des NS. Livre jaune.,img/catalog/Loueurs/Nacco_Tads_exNS_J_R.gif,general,fertilizer-bulk,fertilizer-bulk:description MLG: engrais
cat-9596,Tads,Wagons  toiture amovible (T) — Immatriculs en Allemagne. Anciennes trmies  engrais des NS. Livre grise.,img/catalog/Loueurs/Nacco_Tads_exNS_G_R.gif,general,fertilizer-bulk,fertilizer-bulk:description MLG: engrais
cat-9604,Ucs,Transport de pulvrulents — Petite capacit (25 m3).,img/catalog/Loueurs/Nacco_Ucs25_R.gif,general,bulk-powders,bulk-powders:description MLG: produits pulvérulents
cat-9605,94 m3 faces planes,Craliers Fauvet-Girel — Logo NACCO.,img/catalog/Loueurs/Nacco_CerealFG94P_L1_R.gif,grain|flour|sugar|salt|coal|ore|gravel|sand|ballast|limestone|cement|clinker|coke|bauxite|fertilizer|potash|phosphate|kaolin|alumina|sinter|pig-iron|scrap|aggregates,grain,grain:description/nom MLG: céréalier/grains
cat-9606,94 m3 faces planes,Craliers Fauvet-Girel — Immatriculs en Allemagne. Logo NACCO dispos diffremment.,img/catalog/Loueurs/Nacco_CerealFG94P_L2_R.gif,grain|flour|sugar|salt|coal|ore|gravel|sand|ballast|limestone|cement|clinker|coke|bauxite|fertilizer|potash|phosphate|kaolin|alumina|sinter|pig-iron|scrap|aggregates,grain,grain:description/nom MLG: céréalier/grains
cat-9607,94 m3 faces galbes,Craliers Fauvet-Girel — Immatriculs en Allemagne. Logo NACCO.,img/catalog/Loueurs/Nacco_CerealFG94G_R.gif,grain|flour|sugar|salt|coal|ore|gravel|sand|ballast|limestone|cement|clinker|coke|bauxite|fertilizer|potash|phosphate|kaolin|alumina|sinter|pig-iron|scrap|aggregates,grain,grain:description/nom MLG: céréalier/grains
cat-10377,Laaprs,Plats spciaux  essieux (L) — Wagon double ssentiellement prvu pour le transport de bois. Livre Rail Cargo Austria.,img/catalog/OBB/W/RCA_Laaprs.gif,steel|steel-coils|steel-sheet|steel-beams|containers|wood|vehicles|sinter|pig-iron|scrap,timber,timber:description MLG: bois/grumes/troncs
cat-10381,Sgns 4575,Transport de conteneurs et caisses mobiles — Dernire gnration pour transport de containers 45'. Livre Rail Cargo Austria.,img/catalog/OBB/W/RCA_Sgns4575.gif,containers|general|steel|wood,containers|swap-bodies,swap-bodies:description MLG: caisses mobiles | containers:description MLG: conteneurs
cat-10382,Sgnss,"Transport de conteneurs et caisses mobiles — Transport de containers. Livre brune, logo BB.",img/catalog/OBB/W/OBB_Sgnss_R.gif,containers|general|steel|wood,containers|swap-bodies,swap-bodies:description MLG: caisses mobiles | containers:description MLG: conteneurs
cat-10383,Sgnss,Transport de conteneurs et caisses mobiles — Livre Rail Cargo Austria.,img/catalog/OBB/W/RCA_Sgnss_R.gif,containers|general|steel|wood,containers|swap-bodies,swap-bodies:description MLG: caisses mobiles | containers:description MLG: conteneurs
cat-10384,Sggmrrss-y 4931,"Transport de conteneurs et caisses mobiles — Wagons doubles, spcialiss pour les caisses mobiles ""MOBILER"". Livre Rail Cargo Austria.",img/catalog/OBB/W/RCA_Sggmrrss4931.gif,containers|general|steel|wood,containers|swap-bodies,swap-bodies:description MLG: caisses mobiles | containers:description MLG: conteneurs
cat-10385,Shimmns,"Transport de coils — Livre brune, logo BB.",img/catalog/OBB/W/OBB_Shimmns_R.gif,general,steel-coils,steel-coils:description MLG: coils/rouleaux de tôles
cat-10386,Shimmns,Transport de coils — Avec logo Rail Cargo Austria.,img/catalog/OBB/W/OBB_Shimmns_RCA_R.gif,general,steel-coils,steel-coils:description MLG: coils/rouleaux de tôles
cat-10387,Shimmns 4673,Transport de coils — Capots remplacs par des bches. Logo STEEL.,img/catalog/OBB/W/OBB_Shimmns4673_Steel.gif,general,steel-coils,steel-coils:description MLG: coils/rouleaux de tôles
cat-10388,Shimmns 4673,Transport de coils — Logo Rail Cargo Austria.,img/catalog/OBB/W/OBB_Shimmns4673_RCA.gif,general,steel-coils,steel-coils:description MLG: coils/rouleaux de tôles
cat-10389,Shimmns 4674,Transport de coils — Logo Rail Cargo Austria.,img/catalog/OBB/W/OBB_Shimmns4674_RCA.gif,general,steel-coils,steel-coils:description MLG: coils/rouleaux de tôles
cat-10390,Shimmns,Transport de coils — Wagon ERR. Logos Rail Cargo Austria et Express Interfracht.,img/catalog/OBB/W/OBB_Shimmns_ERR_EIRCA.gif,general,steel-coils,steel-coils:description MLG: coils/rouleaux de tôles
cat-10412,Simms 425Sa,S — Transport de coils. Livrée bleue actuelle PKP Cargo.,img/catalog/PKP/W/PKPC_Simms425Sa_R.gif,general,steel-coils,steel-coils:description MLG: coils/rouleaux de tôles
cat-11190,Elo 1213 B1,A essieux — Transport de vitres.,img/catalog/SNCB/W/SNCB_Elo1213B1.gif,general,glass,glass:description MLG: vitres
cat-11203,Fd 1000G2,F (tombereaux spciaux) — Transport de zinc.,img/catalog/SNCB/W/SNCB_Fd1000G2.gif,general,zinc,zinc:description MLG: zinc
cat-11210,Glms 2211 A Colis SNCB,G (couverts) — Utilisation spciale pour transport de colis en rames compltes. Reconnaissables  leur bande jaune.,img/catalog/SNCB/W/SNCB_Glms_2211A_Colis.gif,general|paper|wood|sugar|salt|fertilizer|cement|flour|grain,parcels,parcels:description MLG: colis
cat-11218,Lgnss 3210A2,L (plats spciaux  essieux) — Transport de conteneurs (40'). Livre verte B-Cargo.,img/catalog/SNCB/W/SNCB_Lgnss3210A2_VCargo.gif,containers|general|steel|wood,containers,containers:description MLG: conteneurs
cat-11219,Lgnss 3210A3,L (plats spciaux  essieux) — Transport de conteneurs (45'). Livre verte B-Cargo.,img/catalog/SNCB/W/SNCB_Lgnss3210A3_VCargo.gif,containers|general|steel|wood,containers,containers:description MLG: conteneurs
cat-11228,Sgns 3614 A2,S (plats spciaux  bogies) — Transport de rouleaux de tles.,img/catalog/SNCB/W/SNCB_S3614A2.gif,steel|steel-coils|steel-sheet|steel-beams|containers|wood|vehicles|sinter|pig-iron|scrap,steel-coils,steel-coils:description MLG: coils/rouleaux de tôles
cat-11229,Shmms 3614 A2,S (plats spciaux  bogies) — Transport de rouleaux de tles.,img/catalog/SNCB/W/SNCB_S3614A2.gif,steel|steel-coils|steel-sheet|steel-beams|containers|wood|vehicles|sinter|pig-iron|scrap,steel-coils,steel-coils:description MLG: coils/rouleaux de tôles
cat-11230,Shmmns 3614 A8,S (plats spciaux  bogies) — Transport de rouleaux de tles.,img/catalog/SNCB/W/SNCB_S3614A8.gif,steel|steel-coils|steel-sheet|steel-beams|containers|wood|vehicles|sinter|pig-iron|scrap,steel-coils,steel-coils:description MLG: coils/rouleaux de tôles
cat-11231,Shimmns 3614 B1 et 3,S (plats spciaux  bogies) — Transport de rouleaux de tles. Capots tlscopiques.,img/catalog/SNCB/W/SNCB_Shimmns3614B1_R.gif,steel|steel-coils|steel-sheet|steel-beams|containers|wood|vehicles|sinter|pig-iron|scrap,steel-coils,steel-coils:description MLG: coils/rouleaux de tôles
cat-11232,Shimmns 3614 B2,S (plats spciaux  bogies) — Transport de rouleaux de tles. Capots tlscopiques. Version  bogies Y25.,img/catalog/SNCB/W/SNCB_Shimmns3614B2_R.gif,steel|steel-coils|steel-sheet|steel-beams|containers|wood|vehicles|sinter|pig-iron|scrap,steel-coils,steel-coils:description MLG: coils/rouleaux de tôles
cat-11233,Shimmns 3614 D5,"S (plats spciaux  bogies) — Transport de rouleaux de tles. Livre brune, bche verte B Cargo.",img/catalog/SNCB/W/SNCB_Shimmns3614D5_BVBC.gif,steel|steel-coils|steel-sheet|steel-beams|containers|wood|vehicles|sinter|pig-iron|scrap,steel-coils,steel-coils:description MLG: coils/rouleaux de tôles
cat-11235,Shimmns 3614 D6  9,S (plats spciaux  bogies) — Transport de rouleaux de tles. Livre verte B Cargo.,img/catalog/SNCB/W/SNCB_Shimmns3614D9_VBC.gif,steel|steel-coils|steel-sheet|steel-beams|containers|wood|vehicles|sinter|pig-iron|scrap,steel-coils,steel-coils:description MLG: coils/rouleaux de tôles
cat-11237,Shmmns 3614 E1,S (plats spciaux  bogies) — Transport de rouleaux de tles chauds. Livre verte B Cargo.,img/catalog/SNCB/W/SNCB_Shmmns3614E1_VBC.gif,steel|steel-coils|steel-sheet|steel-beams|containers|wood|vehicles|sinter|pig-iron|scrap,steel-coils,steel-coils:description MLG: coils/rouleaux de tôles
cat-11238,Shmmns 3614 E2,S (plats spciaux  bogies) — Transport de rouleaux de tles chauds. Livre verte B Cargo.,img/catalog/SNCB/W/SNCB_Shmmns3614E2_VBC.gif,steel|steel-coils|steel-sheet|steel-beams|containers|wood|vehicles|sinter|pig-iron|scrap,steel-coils,steel-coils:description MLG: coils/rouleaux de tôles
cat-11240,Shimmns 3614 L1,S (plats spciaux  bogies) — Transport de rouleaux de tles. Livre verte B Cargo.,img/catalog/SNCB/W/SNCB_Shimmns3614L1_VBC.gif,steel|steel-coils|steel-sheet|steel-beams|containers|wood|vehicles|sinter|pig-iron|scrap,steel-coils,steel-coils:description MLG: coils/rouleaux de tôles
cat-11242,Sgns 491,S (plats spciaux  bogies) — Transport de conteneurs.,img/catalog/SNCB/W/SNCB_Sgns491_B.gif,containers|general|steel|wood,containers,containers:description MLG: conteneurs
cat-11243,Sgnss 3714B2,S (plats spciaux  bogies) — Transport de conteneurs (1 40' + 1 20'). Livre verte B-Cargo.,img/catalog/SNCB/W/SNCB_Sgnss3714B2_VCargo.gif,containers|general|steel|wood,containers,containers:description MLG: conteneurs
cat-11251,Tahms 3614 A3/4/9,T (Wagons  toit amovible) — Wagon de transport de coils  toit enroulable.,img/catalog/SNCB/W/SNCB_Tahms3614A3_R.gif,general,steel-coils,steel-coils:description MLG: coils/rouleaux de tôles
cat-11252,Tahms 3614 A5/7,T (Wagons  toit amovible) — Wagon de transport de coils  toit enroulable.,img/catalog/SNCB/W/SNCB_Tahms3614A5_R.gif,general,steel-coils,steel-coils:description MLG: coils/rouleaux de tôles
cat-11259,Eaos 6503 B0,"E (tombereaux) — Wagons tombereaux allgs de leurs portes, reconvertis au transport de containers. Livre grise.",img/catalog/SNCB/IFB/IFB_Eaos6503B0_G.gif,general,containers,containers:description MLG: conteneurs
cat-11260,Eaos 6503 B0,"E (tombereaux) — Wagons tombereaux allgs de leurs portes, reconvertis au transport de containers. Livre bleue.",img/catalog/SNCB/IFB/IFB_Eaos6503B0_B.gif,general,containers,containers:description MLG: conteneurs
cat-11261,Lgnss 3210A2,L (plats spciaux  essieux) — Transport de conteneurs (40'). Livre verte.,img/catalog/SNCB/IFB/IFB_Lgnss3210A2_V.gif,containers|general|steel|wood,containers,containers:description MLG: conteneurs
cat-11262,Lgnss 3210A3,L (plats spciaux  essieux) — Transport de conteneurs (45'). Livre verte B-Cargo.,img/catalog/SNCB/IFB/IFB_Lgnss3210A3_V.gif,containers|general|steel|wood,containers,containers:description MLG: conteneurs
cat-11263,Sgnss 3714B2,S (plats spciaux  bogies) — Transport de conteneurs (1 40' + 1 20'). Livre verte.,img/catalog/SNCB/IFB/IFB_Sgnss6454B0_V.gif,containers|general|steel|wood,containers,containers:description MLG: conteneurs
cat-11268,Cralier CITA/Amylum,"U (trmies, citernes) — Cralier  bogies Fauvet-Girel 92m3  faces planes. Livre CITA / Amylum.",img/catalog/SNCB/W/B_CerealFG92P_Amylum_R.gif,oil|chemicals|milk|wine|sulphur|acid|ammonia|lng|lpg,grain,grain:description/nom MLG: céréalier/grains
cat-11269,Cralier CITA/Amylum,"U (trmies, citernes) — Cralier  bogies Fauvet-Girel 94m3  faces planes. Livre CITA / Amylum.",img/catalog/SNCB/W/B_CerealFG94P_Amylum_R.gif,oil|chemicals|milk|wine|sulphur|acid|ammonia|lng|lpg,grain,grain:description/nom MLG: céréalier/grains
cat-13533,Ua R09 6,"Wagons plats — Spcialement amnag pour le transport de palettes de traverses bton. Marquage ""V"".",img/catalog/SNCF/Serv/VB/Ua_R09_6_V.gif,steel|steel-coils|steel-sheet|steel-beams|containers|wood|vehicles|sinter|pig-iron|scrap,concrete-sleepers,concrete-sleepers:description MLG: traverses béton
cat-13536,Couplage ballast Std,Trmies — Couplage de trmies  ballast  2 essieux. Type standard de la SNCF. Livre rouge wagon avec anciens marquages.,img/catalog/SNCF/Serv/VB/CouplBallastStd_E3RW.gif,general,ballast,ballast:description MLG: ballast
cat-13537,Couplage ballast Std,Trmies — Numros UIC.,img/catalog/SNCF/Serv/VB/CouplBallastStd_E4.gif,general,ballast,ballast:description MLG: ballast
cat-13539,Uas D12 6,"Trmies — Ballastire  essieux. Marquage ""V"".",img/catalog/SNCF/Serv/VB/Us_C12_2_V_R.gif,general,ballast,ballast:description MLG: ballast
cat-13540,Uas D12 6,"Trmies — Ballastire  bogies. Marquage ""V"".",img/catalog/SNCF/Serv/VB/Uas_D12_6_V_R.gif,general,ballast,ballast:description MLG: ballast
cat-14886,E78,Types SNCF  bogies — Transport de ferraille. Bogies souds.,img/catalog/SNCF/W/SNCF_E78_BS.gif,grain|flour|sugar|salt|coal|ore|gravel|sand|ballast|limestone|cement|clinker|coke|bauxite|fertilizer|potash|phosphate|kaolin|alumina|sinter|pig-iron|scrap|aggregates,scrap-metal,scrap-metal:description MLG: ferraille
cat-14889,E81,Types SNCF  bogies — transport de sable.,img/catalog/W/E81_Sable.gif,grain|flour|sugar|salt|coal|ore|gravel|sand|ballast|limestone|cement|clinker|coke|bauxite|fertilizer|potash|phosphate|kaolin|alumina|sinter|pig-iron|scrap|aggregates,sand,sand:description MLG: sable
cat-14891,Fas 80 6,Tombereaux — Pour transport de ferrailles.,img/catalog/SNCF/W/Fas 80 6.gif,grain|flour|sugar|salt|coal|ore|gravel|sand|ballast|limestone|cement|clinker|coke|bauxite|fertilizer|potash|phosphate|kaolin|alumina|sinter|pig-iron|scrap|aggregates,scrap-metal,scrap-metal:description MLG: ferraille
cat-14898,T11,"Tombereaux  bogies — Toit bch. Transport de produits de carrire (kaolin, argile, feldspath,...). Marquages Fret SNCF.",img/catalog/W/T11.gif,grain|flour|sugar|salt|coal|ore|gravel|sand|ballast|limestone|cement|clinker|coke|bauxite|fertilizer|potash|phosphate|kaolin|alumina|sinter|pig-iron|scrap|aggregates,dry-clay|feldspar|kaolin|quarry-products,quarry-products:description MLG: produits de carrière | kaolin:description MLG: kaolin | dry-clay:description MLG: argile | feldspar:description MLG: feldspath
cat-14899,T12,"Tombereaux  bogies — Toit bch. Transport de produits de carrire (kaolin, argile, feldspath,...).",img/catalog/W/T12_R.gif,grain|flour|sugar|salt|coal|ore|gravel|sand|ballast|limestone|cement|clinker|coke|bauxite|fertilizer|potash|phosphate|kaolin|alumina|sinter|pig-iron|scrap|aggregates,dry-clay|feldspar|kaolin|quarry-products,quarry-products:description MLG: produits de carrière | kaolin:description MLG: kaolin | dry-clay:description MLG: argile | feldspar:description MLG: feldspath
cat-14900,"T13, T19",Tombereaux  bogies — Toit repliable. Transport de farine (T13) ou de produits de carrire (T19). Premire srie de 100. Bogies souds. Marquages Fret SNCF.,img/catalog/SNCF/W/SNCF_T13_1S_BSF_R.gif,grain|flour|sugar|salt|coal|ore|gravel|sand|ballast|limestone|cement|clinker|coke|bauxite|fertilizer|potash|phosphate|kaolin|alumina|sinter|pig-iron|scrap|aggregates,flour|quarry-products,flour:description MLG: farine | quarry-products:description MLG: produits de carrière
cat-14905,T14,Tombereaux  bogies — Toit repliable. Transport de ferrailles. Marquages Fret SNCF.,img/catalog/SNCF/W/SNCF_T14_R.gif,grain|flour|sugar|salt|coal|ore|gravel|sand|ballast|limestone|cement|clinker|coke|bauxite|fertilizer|potash|phosphate|kaolin|alumina|sinter|pig-iron|scrap|aggregates,scrap-metal,scrap-metal:description MLG: ferraille
cat-14907,T21,Tombereaux  bogies — Toit repliable. Transport de farine.,img/catalog/W/T21_R.gif,grain|flour|sugar|salt|coal|ore|gravel|sand|ballast|limestone|cement|clinker|coke|bauxite|fertilizer|potash|phosphate|kaolin|alumina|sinter|pig-iron|scrap|aggregates,flour,flour:description MLG: farine
cat-14931,Primeurs PLM34 Ferry,"Types spcifiques PLM — Wagons pour transport de fruits et lgumes en Rgime Acclr vers l'Angleterre, via une traverse par ferry. Gabarit anglais (rduit). Livre brun fonc d'origine.",img/catalog/W/Primeurs_PLM34F_TN.gif,general|paper|wood|sugar|salt|fertilizer|cement|flour|grain,fresh-produce,fresh-produce:description MLG: fruits et légumes
cat-14946,Primeurs OCEM28,"Types de l'OCEM — Wagons pour transport de fruits et lgumes en Rgime Acclr. Livre brun sombre, anciens marquages.",img/catalog/SNCF/W/SNCF_Primeurs_OCEM28_B.gif,general|paper|wood|sugar|salt|fertilizer|cement|flour|grain,fresh-produce,fresh-produce:description MLG: fruits et légumes
cat-14960,Primeurs Standard D,Standard — Wagons pour transport de fruits et lgumes en Rgime Acclr. Frises bois. Livre brun fonc d'origine.,img/catalog/W/Primeurs_StdD.gif,general|paper|wood|sugar|salt|fertilizer|cement|flour|grain,fresh-produce,fresh-produce:description MLG: fruits et légumes
cat-14969,Gs41.6,"UIC — Type  essieux pour le transport de grands animaux (vaches et boeufs), anciens G4 transforms. Livre spcifique jaune.",img/catalog/SNCF/W/SNCF_Gs41_6.gif,general|paper|wood|sugar|salt|fertilizer|cement|flour|grain,livestock,livestock:description MLG: grands animaux
cat-14980,Gakkss 11.6,"Gass et drivs — Type  bogies pour le transport de grands animaux (vaches et boeufs), anciens Gakkss 16.6 transforms. Livre spcifique jaune.",img/catalog/SNCF/W/SNCF_Gakkss11_6.gif,general|paper|wood|sugar|salt|fertilizer|cement|flour|grain,livestock,livestock:description MLG: grands animaux
cat-15016,L31,Plats spciaux  2 essieux (L) — Transport de vhicules.,img/catalog/SNCF/W/L31.gif,steel|steel-coils|steel-sheet|containers|wood,vehicles,vehicles:description MLG: véhicules
cat-15017,L42,Plats spciaux  2 essieux (L) — Wagon double pour transport de bois.,img/catalog/SNCF/W/L42.gif,steel|steel-coils|steel-sheet|containers|wood,timber,timber:description MLG: bois/grumes/troncs
cat-15018,Lgs 50.6 / 59.6,Plats spciaux  2 essieux (L) — 3000 ex K5 transforms pour le transport de conteneurs par suppression des haussettes et pose de rails de guidage. Dsignation avant 1980 : Lgs 5.16 / 7.16.,img/catalog/SNCF/W/SNCF_Lgs50_6.gif,steel|steel-coils|steel-sheet|containers|wood,containers,containers:description MLG: conteneurs
cat-15025,Rmmos 11.6,"D'origine trangre — Wagon plat avec ranchers fixes pour transport de troncs, sur base de wagons TP.",img/catalog/SNCF/W/SNCF_Rmmos_R11_6.gif,steel|steel-coils|steel-sheet|containers|wood,timber,timber:description MLG: bois/grumes/troncs
cat-15026,R66,"D'origine trangre — Type allemand, pour transport de blinds. Livre rouge wagon, marquages UIC.",img/catalog/SNCF/W/R66.gif,steel|steel-coils|steel-sheet|containers|wood,military,military:description MLG: blindés
cat-15057,S 40,Plats spciaux  bogies (S) — Transport de tubes et tuyaux.,img/catalog/SNCF/W/SNCF_S40.gif,steel|steel-coils|steel-sheet|containers|wood,steel-pipe,steel-pipe:description MLG: tubes/tuyaux
cat-15058,S 41,Plats spciaux  bogies (S) — Transport de tubes et tuyaux.,img/catalog/SNCF/W/SNCF_S41.gif,steel|steel-coils|steel-sheet|containers|wood,steel-pipe,steel-pipe:description MLG: tubes/tuyaux
cat-15059,Sgss 60.6,"Plats spciaux  bogies (S) — Transport de conteneurs non arrims. Numrots Sgss 6.16 jusqu'en 1980, puis S6.",img/catalog/SNCF/W/SNCF_Sgss60_6.gif,steel|steel-coils|steel-sheet|containers|wood,containers,containers:description MLG: conteneurs
cat-15060,S 63,Plats spciaux  bogies (S) — Transport de conteneurs et de caisses mobiles.,img/catalog/SNCF/W/S63.gif,steel|steel-coils|steel-sheet|containers|wood,containers|swap-bodies,swap-bodies:description MLG: caisses mobiles | containers:description MLG: conteneurs
cat-15061,S 73,"Plats spciaux  bogies (S) — Surbaiss, autoris  160 Km/h. Transport de conteneurs et de caisses mobiles.",img/catalog/SNCF/W/S73.gif,steel|steel-coils|steel-sheet|containers|wood,containers|swap-bodies,swap-bodies:description MLG: caisses mobiles | containers:description MLG: conteneurs
cat-15063,Slmmps 96.6,Plats spciaux  bogies (S) — Anciens plats USA rnovs. Transport de charges encombrantes.,img/catalog/SNCF/W/Slmmps96_6.gif,steel|steel-coils|steel-sheet|containers|wood,oversized-loads,oversized-loads:description MLG: charges encombrantes
cat-15064,S 20,Transport de tle en rouleaux (coils) — Transport des coils dans un axe vertical.,img/catalog/SNCF/W/S20.gif,steel|steel-coils|steel-sheet|containers|wood,steel-coils,steel-coils:description MLG: coils/rouleaux de tôles
cat-15065,S 26.6,Transport de tle en rouleaux (coils) — Transport des coils dans un axe vertical.,img/catalog/SNCF/W/S26_6.gif,steel|steel-coils|steel-sheet|containers|wood,steel-coils,steel-coils:description MLG: coils/rouleaux de tôles
cat-15066,S 32,Transport de tle en rouleaux (coils) — Transport des coils dans un axe horizontal.,img/catalog/SNCF/W/S32_R.gif,steel|steel-coils|steel-sheet|containers|wood,steel-coils,steel-coils:description MLG: coils/rouleaux de tôles
cat-15067,S 32.6,Transport de tle en rouleaux (coils) — Transport des coils dans un axe horizontal.,img/catalog/SNCF/W/S32_6.gif,steel|steel-coils|steel-sheet|containers|wood,steel-coils,steel-coils:description MLG: coils/rouleaux de tôles
cat-15068,Shimms 50.1,Transport de tle en rouleaux (coils) — Capots tlscopiques. Transport des coils dans un axe horizontal.,img/catalog/SNCF/W/Shimms_50_1_R.gif,steel|steel-coils|steel-sheet|containers|wood,steel-coils,steel-coils:description MLG: coils/rouleaux de tôles
cat-15069,Shimms 53.9,Transport de tle en rouleaux (coils) — Systme Dbach'vit. Transport des coils dans un axe horizontal. Bogies souds. Bche grise. Code S53.,img/catalog/SNCF/W/SNCF_Shimms53_9_BS_G.gif,steel|steel-coils|steel-sheet|containers|wood,steel-coils,steel-coils:description MLG: coils/rouleaux de tôles
cat-15070,Shimms 53.9,"Transport de tle en rouleaux (coils) — Bogies souds. Bche grise, logo FRET SNCF.",img/catalog/SNCF/W/SNCF_Shimms53_9_BS_GFret.gif,steel|steel-coils|steel-sheet|containers|wood,steel-coils,steel-coils:description MLG: coils/rouleaux de tôles
cat-15071,Shimms 53.9,Transport de tle en rouleaux (coils) — Bogies mouls. Bche grise.,img/catalog/SNCF/W/SNCF_Shimms53_9_BM_G.gif,steel|steel-coils|steel-sheet|containers|wood,steel-coils,steel-coils:description MLG: coils/rouleaux de tôles
cat-15072,Shimms 58.9,Transport de tle en rouleaux (coils) — Systme Dbach'vit. Transport des coils dans un axe horizontal. Bogies souds. Bche grise. Code S58.,img/catalog/SNCF/W/SNCF_Shimms58_9_G.gif,steel|steel-coils|steel-sheet|containers|wood,steel-coils,steel-coils:description MLG: coils/rouleaux de tôles
cat-15073,Shimmns 18.6,"Transport de tle en rouleaux (coils) — Version plus rcente. Wagons lous  Ermewa, livre Ermewa avec logo SNCF Logistics.",img/catalog/SNCF/W/SNCF_Shimmns18_6_Ermewa.gif,steel|steel-coils|steel-sheet|containers|wood,steel-coils,steel-coils:description MLG: coils/rouleaux de tôles
cat-15380,Laagrss,Wagons plats spéciaux (L) — Transport de caisses mobiles à grand gabarit (Mega Combi). Livrée jaune.,img/catalog/Espagne/Transfesa_Laagrss.gif,containers|general|steel|wood,swap-bodies,swap-bodies:description MLG: caisses mobiles
cat-15381,Lfgss,Wagons plats spéciaux (L) — Transport de conteneurs ou caisses mobiles. Livrée bleue.,img/catalog/Espagne/Transfesa_Lfgss.gif,containers|general|steel|wood,containers|swap-bodies,swap-bodies:description MLG: caisses mobiles | containers:description MLG: conteneurs
cat-15382,Lgss,"Wagons plats spéciaux (L) — Transport de conteneurs (1 conteneur de 20, 30, 40 ou 45'). Livrée verte.",img/catalog/Espagne/Transfesa_Lgss.gif,containers|general|steel|wood,containers,containers:description MLG: conteneurs
cat-15383,Lgnss,"Wagons plats spéciaux (L) — Transport de conteneurs. En plus du Lgss, il peut charger deux 20'. Livrée orange.",img/catalog/Espagne/Transfesa_Lgnss.gif,containers|general|steel|wood,containers,containers:description MLG: conteneurs
cat-15850,Cralier Fauvet Girel,Craliers — Version de 94 m3  faces planes. Livre gris clair avec logo VTG.,img/catalog/Loueurs/VTG_CerealFG94P_R.gif,grain|flour|sugar|salt|coal|ore|gravel|sand|ballast|limestone|cement|clinker|coke|bauxite|fertilizer|potash|phosphate|kaolin|alumina|sinter|pig-iron|scrap|aggregates,grain,grain:description/nom MLG: céréalier/grains
cat-15851,Cralier Fauvet Girel,Craliers — Version de 94 m3  faces galbes. Livre gris clair avec logo VTG.,img/catalog/Loueurs/VTG_CerealFG94G_R.gif,grain|flour|sugar|salt|coal|ore|gravel|sand|ballast|limestone|cement|clinker|coke|bauxite|fertilizer|potash|phosphate|kaolin|alumina|sinter|pig-iron|scrap|aggregates,grain,grain:description/nom MLG: céréalier/grains
cat-15852,Cralier Fauvet Girel,Craliers — Version transmanche de 90 m3. Livre gris clair avec logo VTG.,img/catalog/Loueurs/VTG_CerealFGTM90_R.gif,grain|flour|sugar|salt|coal|ore|gravel|sand|ballast|limestone|cement|clinker|coke|bauxite|fertilizer|potash|phosphate|kaolin|alumina|sinter|pig-iron|scrap|aggregates,grain,grain:description/nom MLG: céréalier/grains
cat-15853,Tafhimns,"Ferrywagons (Tiphook) — Wagons pour transport de coils, construits entre 1979 et 1985 par LHB.",img/catalog/Loueurs/VTG_Tiphook_Tafhimns_R.gif,general,steel-coils,steel-coils:description MLG: coils/rouleaux de tôles
cat-16054,Shimmns,Plats spéciaux à bogies (S) — Wagons bâchés porte coils. Série 4777. Chassis brun et bâche blanche.,img/catalog/ZSSK/W/ZSSKC_Shimmns4777_W.gif,steel|steel-coils|steel-sheet|steel-beams|containers|wood|vehicles|sinter|pig-iron|scrap,steel-coils,steel-coils:description MLG: coils/rouleaux de tôles
cat-16055,Shimmns,Plats spéciaux à bogies (S) — Wagons bâchés porte coils. Série 4777. Chassis brun et bâche bleue.,img/catalog/ZSSK/W/ZSSKC_Shimmns4777_B.gif,steel|steel-coils|steel-sheet|steel-beams|containers|wood|vehicles|sinter|pig-iron|scrap,steel-coils,steel-coils:description MLG: coils/rouleaux de tôles
cat-16056,Shimmns 575.3,Plats spéciaux à bogies (S) — Wagons bâchés porte coils. Chassis gris et bâche bleue.,img/catalog/ZSSK/W/ZSSKC_Shimmns575_3.gif,steel|steel-coils|steel-sheet|steel-beams|containers|wood|vehicles|sinter|pig-iron|scrap,steel-coils,steel-coils:description MLG: coils/rouleaux de tôles
